:020000041000EA
:2010000010320020593A001000000000000000000000008000000080761A46E7000000000E
:201020002C100010607300100400000000F002F800F03EF80CA030C8083824182D18A24620
:20104000671EAB4654465D46AC4201D100F030F87E460F3E0FCCB6460126334200D0FB1A9C
:20106000A246AB4633431847C8620000F8620000103A02D378C878C1FAD8520701D330C8AF
:2010800030C101D504680C60704700000023002400250026103A01D378C1FBD8520700D312
:2010A00030C100D50B6070471FB51FBD10B510BD04F014FB1146FFF7F7FF02F003F804F0DF
:2010C0002CFB03B4FFF7F2FF03BC04F07FFB000070B501247D21C900854A50696304184323
:2010E000506100BF00BF00BF00BF506901252D042843506150691840491E002901D000287D
:20110000F8D000291BD00521C902491E481CFCD15069C00700D000245069800700D50024BD
:20112000412074490004086072494039C86302F05BFD62B6002002F007FD204670BD002497
:20114000EEE76D498868421C01D0401C8860704770B50446684D2C6069600026AE60EE60EF
:20116000642901D9642068606868002801D1012068606868604300236422194603F00CF996
:201180005E49884201D88C4201D96E6170BD211A29612018686170BD70B50124544801681F
:2011A000574A11430160534BC021403B59620169021511430161534A1146491E002902D097
:2011C00005686D00F9D4002900D10024C32058621F2148480906016001214B4D012C11D1A4
:2011E0006E68F6070ED16E680E436E60521E002A02D09E6BF601F9D5002A00D100240122CC
:2012000012060260012C07D12A690A432A6102210160012002F098FC204670BD10B5FFF76B
:2012200097FFFFF7B9FF34490220091F0870374C2069C00701D0022010BD35486061032136
:20124000081F02F063FC0020A06107202061002010BDF8B500202F49002509680126264CEC
:20126000012908D0012026762A490E60A560E56029490860F8BD6769002F10D0E1680029A4
:201280000DD0A06803F029F92169814204D2874202D901202676E7E701202576E4E72576E0
:2012A000E2E770B501256D05284600F09DF81248047E284600F0A6F8204670BD0E48001FD5
:2012C000007870470C4800218160C16002210176001F0170704710B5074802210176C168B0
:2012E000491CC160FFF7B5FF0349091F087010BD000301404000014040240020FFFFFF7F40
:201300000000F03F409C0000000A014000E000E050BB00004427002060730010002801D144
:2013200000BFFEE77047000000227649D2430A6000234B608A60CB60002801D0183908605D
:2013400070470020704710B56F490868401C08606E4903F0C2F8002906D16A48183801687F
:20136000002901D01830884700216648C9430160002242608160C26010BD30B401218140C5
:20138000604B08465A68904304D1D8680843C4439C60D8600A435A60D868002807D059483D
:2013A00018380168002902D030BC1830084730BC704730B401218140524B08461A6890434C
:2013C00004D0D8680843C4439C60D8608A431A60D8680028EBD04B48183801680029E6D0DE
:2013E00030BC18300847E2E70146002001234A1E9B059A4205D243480838426851184160DC
:20140000012070470146002001234A1E9B059A4205D23C4808380268511A016001207047DC
:20142000F8B501460024374A601E083A1060002757601646103E002901D071600124012C3E
:2014400032D1334D2969C90719D1324969610321044602F089FBAF6107202861012120464C
:2014600002F082FB2C48F0607D204001401E002802D02969C907F9D0002803D00124012C8B
:2014800002D011E00024FAE768690002000A401C2049491C03F021F80146080000D101212F
:2014A0001D4803F01AF8F0602046F8BD1548083803C8C043814201D10120704700207047A8
:2014C00070B5104C183CE16800291AD0A068401CA06003F002F8002913D125466168103504
:2014E000002908D02A686868D243904201D1012000E0002088470020C0432860002068604D
:20150000A06070BD7424002048270020A086010000E000E050BB00007C1500008307FF2229
:20152000DB0E9A408907090E9940002808DB8308EF489B001818036893430B430360704727
:201540000007000F08388308EA489B001818C36993430B43C3617047F0B58446E648C16BB9
:201560003F2212061143C163E44801210160E44801680122120511430160E2480168016053
:20158000E14900064A6810600022DC4FDF4B8037DF488E6814E000217C6804437C601C680E
:2015A000002CFCDA1C681D68ADB22C431C60491C89B20929F0D30121C9033160521C92B210
:2015C0006245E8D30120CC49C003403900E030600A68120FFBD1C94900200860C849086055
:2015E000F0BDF8B5CB48C0214162CB490A69012632430A61C3214162C24880380168B143C6
:20160000016001680029FCD10168082211430160C248016831430160BA49C1480860C14CF9
:20162000032222602068C000FCD460680121890608436060BC4D032028602868C000FCD493
:201640006868084368600120AF4BAB4AC003403A996800E0086017683F0FFBD1982151600E
:201660001168014311601888FFF776FFAF4805230188AD48803001297ED001698322114309
:2016800001610169042211430161016931430161026906210A430261026907273A430261A7
:2016A00002691A430261026902619E4A8032126983273A439B4F80373A613A461269042793
:2016C0003A43984F80373A613A46126932433E463261324612690A4331460A610969072210
:2016E0001143324611611146096919431161114609691161A168FB221143A160A9681143FA
:20170000A9607F49CA68032636043243CA60884AD668C127BF023E43D6600E690127BF04F2
:201720003E430E611669834F3E4316614E6801273F043E434E6056684127BF023E43566002
:201740008E6903277F043E438E6196697A4F3E439661CE6907273F043E43CE61D669774FD8
:201760003E43D6614E691F043E434E615669744F3E4356610E6800E04DE00E60116801265C
:20178000B60231431160226830218A4322602A688A432A6021688908890021602968890853
:2017A000890029605F4940310A6892089200521C0A6022688026B24322600A6810263243C4
:2017C0000A60594940310A68920892000A60296803221143296001685A4A11430160416886
:2017E0001943416061685848014361606968014369604F48803001690206114301614C499C
:2018000000208039086303211320FFF787FE132000F064F8F8BD0169A12211430161016931
:20182000A422114301610121890229630168454A114301604168194341603D48016901228E
:201840009204114301614168921011434160384E8036326981050A43326135490022803966
:201860000A6326490A68812632430A604A68C12632434A60214980314A681A434A60204A9E
:20188000D369072636043343D36113681360C2693243C261826903235B041A438261026830
:2018A000026003202060286062682848024362606A6802436A602068C000FCD42868C00011
:2018C000FCD44868012252021043486003211320FFF724FE132000F001F8F8BD002805DBCE
:2018E000C106C90E01208840194908607047000000E400E000ED00E0804003488001034878
:201900000006034880000348B4240020000303480102000000000140000301400005014097
:2019200050FAC4048004034880080348CC250020000A034800040400000406000004070070
:201940000004050000EF85008B0800071B00000700E100E08307FF22DB0E9A408907090E78
:201960009940002808DB8308A2489B001818036893430B43036070470007000F08388308B9
:201980009D489B001818C36993430B43C3617047F8B59A49C020486299480069022108439A
:2019A000974908619549C320486205200007C168FF2201321143C16001680160924A9148D6
:2019C0005060924810605069914908435061506903214906084350610024546294628A4DAF
:2019E00001274035AF60E8683F263043E8608949888803021818286168610B8853635908B8
:201A0000D16369609461844D7E4A6A607F4A2A602A4652697E4D2A437F4D6A612A465269F9
:201A200003256D062A437C4D6A612A4654629462794A40329760D5683543D56010615061B6
:201A4000754D6B63E96351602A469461734D6D4A6A606E4A2A602A4652696D4D2A436F4D03
:201A60006A612A4652696D042A436C4D6A612A4654629462694A40329760D5683543D560EC
:201A80001061506165484363C163516084616448644A06885F4863491F2340320425408837
:201AA000012E14D04F60594E0E604E692E434E614C628C629360D368D360136913615369CF
:201AC00053614863CF63C86B401C506015E04F604E4E0E604E692E434E614C628C62936022
:201AE000D368D360136913615369536148638308CB634008FF3801385060434E8036706A2B
:201B0000494908437062B06A012109030843B06201211920FFF71EFF192000F061F8002160
:201B20001A20FFF717FF1A2000F05AF83F4844608168294381600520000701693C4A114312
:201B40000161C1680F221143C1602C48016B821511430163316B3748014331632E4980310A
:201B60000A6B02430A632D4980310A6B02430A632C4980310A6B02430A632F4881691F24FF
:201B8000E402A143816181691525ED0229438161A8218269F8239A43826182690A4382618E
:201BA000016949014909016101691722D2061143016101691A049143016101691722D20455
:201BC000114301610169A1430161016929430161A82102699A43026102690A430261F8BD23
:201BE000002805DBC106C90E01208840134908607047000000E400E000ED00E00000014009
:201C00000003014001000200000100500700216105007E00942A002000020050000300509D
:201C2000CC25002000040050020400004000015011110000010C00000000044000E100E074
:201C4000F0B56048C02141625F48016904205E4A014311615B4AC32151625C4FF968820155
:201C60001143F960394609683A461160584A516A5162916A91625169564B194351611168F6
:201C8000554B19431160536801210B4353603C2353633223D363514C626A0A231A436262A2
:201CA000A26A1A43A2624C4A521F6263E26BE26322684B4B1A432260626810231A4362603E
:201CC0006269484B1A436261474B5A6A02435A629A6A02439A6258695861186818605868B8
:201CE00058605A6B414802435A63DA6B0243DA639869084398613E4800224262826A8262B4
:201D0000426942610268026042684260426B314DFD352A434263C26BA0252A43C26382697F
:201D20000A438261334A15696D016D09156115690926360735431561284A8032556AFF263E
:201D4000023635435562956A0D4395622A4D2A68FF263602B243CE0332432A60274D4A05E8
:201D60002A60274D2A603A691E4DA9352A433A61FA680F252A43FA60124D2A6B0A432A63BC
:201D8000E2680A43E260DA680A43DA60C2680A43C260F0BD80B216494009C8630B48016999
:201DA000012212031143016170471649401880B20D490009C86305480169FF2201321143AC
:201DC000016170470000014000030140000004480001044802040000040001000002044873
:201DE000050009006810000000030448CF070000000404480001044014E400E080E200E089
:201E000000E100E0FF7F000030B54E4801691F23DB049943016101690122D2041143016126
:201E2000026919128A4302610269C4142243026108240569F82295430561056925430561A3
:201E4000802445699543456145692543456144698C43446144690125ED032C4344613A487C
:201E600084699C438461846985002C4384611024456995434561456925434561C4698C43D3
:201E8000C461C46901252D032C43C46144698C43446144692C43446184698C438461846996
:201EA00084618469944384618469846104696401640904610469046104699C43046103692F
:201EC000036103698B43036101690161016991430161016901611021C3699343C361C26946
:201EE0000A43C261416A29400029FBD030BD1648406A012189020840002801D000207047B0
:201F00000120704710B5FFF7F2FF104B00241978002906D05A78824211D103290BD9104650
:201F200010BD01211970002801D0587001E05C701C70002010BD491C1970002010BD1C70DB
:201F4000002010BD0001044000000440C02400200E490D4848600088000B48800A460832CE
:201F6000105608700A4AC0215162074B001D54339881C323536251620748064901600168D6
:201F80004900FCD4536270470C100140C4240020000001400001F13F0003014010B5FFF7E6
:201FA00033FFFFF71EFB00F059F800F0F7F803F08FFC00F005F8FFF743FEFFF7E9FC10BD76
:201FC0001148C021416211490A6980231A430A61C32141620E4801680E4A11430160016830
:201FE0002022114301600A4A0321403251630A490A681202120AC3031A430A600121074B56
:20200000C2021A60816070470000014000030140000001501000007018E400E000E100E0F7
:202020008307FF22DB0E9A408907090E9940002808DB8308D6489B001818036893430B43A4
:20204000036070470007000F08388308D1489B001818C36993430B43C361704770B5CE4A39
:20206000C0205062CD480169082319430161CC49016001684900FCD4C3205062C948C1689F
:2020800003231943C16001699A0391438201891801610169C44A890A8902891801614169F9
:2020A0001A021143416141691F24A402214341614169BE4C21400724640409194161416B5D
:2020C000022421434163416B9143FF3101314163416B3F252D04A94307252D0449194163BC
:2020E000416B0F252D06A94307252D0649194163816B9500A943650249198163816BE50190
:2021000029438163C16B01252943C163C16BA143C163C16B1F242402A143C4140919C163C2
:20212000A04940318C686D032C438C600C6824092401A41C0C600C6894430C600A68440126
:2021400022430A609A498A689A4C22400524240612198A608A683F242402A2438A60964902
:202160004A691F24E404A2434A614A691724E40422434A614A69520152094A614A694A61A1
:20218000C1691943C16103210920FFF749FF092000F0F5F8092000F0E9F870BD70B57E48F4
:2021A000C02141627D490A6908231A430A61C32141620920C006C16803221143C1600169CC
:2021C000920391431A03891801610169764A890A890289180161416903231B021943416140
:2021E00041691F2292021143416141696F4A11400722520489184161416B0222114341632C
:20220000416B9943FF3101314163416B3F242404A1430724240409194163416B0F242406F3
:20222000A1430724240609194163816B9C00A143540209198163816BD40121438163C16BA2
:2022400001242143C163C16B9143C163C16B1F242402A143C4140919C16358498C68CD01B3
:202260002C438C600C6824092401A41C0C600C689C430C600B680C0223430B604F49C03177
:202280008B684C4C23404E4C1B198B608B683F242402A3438B604B490B6A5B085B000B6216
:2022A0000B6A93430B62B022464940390B69F824A3430B610B6913430B610A6923029A43FF
:2022C0000A610A690A61C16905221143C16103210920FFF7A5FE092000F051F8092000F08D
:2022E00045F870BD10B500202E49CA6B02231A43CA63354900220A720B7A0C5C1B190B727A
:20230000401CC0B20828F7D3CA750920CA7D0B5CD218CA75401CC0B21728F7D30020244A51
:2023200080320B5C1360401CC0B21828F9D310BD30B50020264D254A2978535C254AD37081
:20234000254C645C1471082902D2491C297001E00021297019195D31517112498039135C24
:202360000B60401CC0B20628F9D330BD002805DBC106C90E01208840184908607047002806
:2023800005DBC106C90E0120884015490860704700E400E000ED00E0000001400003014043
:2023A0000001F13F000200484E020000FFFF00FC00030048C0FFFFF800000440400000488B
:2023C0002000000540020440002B0020D0710010F8260020182B0020C471001000E100E00F
:2023E00080E200E02248C0690005000D7047204840690005000D70471D4880690005000D05
:2024000070471C48C0690005000D7047194840690005000D7047174800680005000D70474C
:2024200010B5134949680A05120D0021124B4C001C5B944202DD6420401A03E0491CC9B205
:202440002829F4D33B2109018A4200DB3C2010BD0848C0690005000D704706480068000531
:20246000000D7047024800680005000D70470000000B0348000703486871001010B503F0D4
:202480002DFA10BD70B503F02FFA3B4C6068FF210131084360603949002008803849088028
:2024A0003849088038490882384948613849088038490880384908803849088038490880B1
:2024C00038490880384908803849088000F009F9374D288000F0B3F8287800F007F935491A
:2024E0004018354908803549012008806068082108436060606810218843606031483049E5
:202500004160826804210A43826020680843206070BD10B52B4800244460826804210A4300
:202520008260154802688A4302604168082291434160416810229143416001685206914396
:20254000016003F0D1F92048048020480E49008840088887C8874031088009480480174857
:202560000480104804801A48048001201949800388810448048010BD9026002068250020E6
:2025800076250020842500204028002084280020BC250020BA2500207825002074250020ED
:2025A00072250020B82500207A2500207C2500208025002055150000A8260020B6250020CF
:2025C00033030000400001500C280020942A0020E025002024290020002201280AD005281E
:2025E0000ED0042812D0062816D002281AD003281ED022E0032920D005291ED101221CE054
:2026000001291AD0042918D1012216E0052914D0062912D1012210E004290ED002290CD12D
:2026200001220AE0062908D0032906D1012204E0022902D0012900D10122D0B27047F0B583
:20264000354840680021C3053448042507880326334C02223348002B21DA3B0003F04AF95A
:2026600007130C070A100E05130001800CE00121018009E0028007E0068005E0058003E0B8
:202680000521018000E00180008827494000095A234840384163A0681043A060F0BD3B00CD
:2026A00003F028F907130C100E070A05130001800CE00121018009E0028007E0068005E0CC
:2026C000058003E00521018000E00180008817494000095A124840384163A0681043A0602E
:2026E000F0BD1348406A4007400F70470A494968CA05104904D5104A10564000085A7047BD
:202700000D4A083210564000085A11460A390988401880B270470000902600208025002019
:2027200040000150F4240020DC240020E824002000010440B87100100A25002010B5F84BAF
:2027400058630020F74A596B0C78491C14545963401C80B2FF28F6D310BD10B502460846E6
:202760001146FF2201325268904701210904884201D0012010BD002010BD10B5002303E0AD
:20278000C45CCC545B1C9BB29342F9D310BDF0B5C1B007460C461546FF260136314601A83B
:2027A00001F099FE3246E04E01A93046FFF7E5FF70423818C0B2002101AA07E023780746E2
:2027C000641C401CC0B2D355491C89B2A942F5D301A93046FFF7C1FF002802D0012041B04E
:2027E000F0BD0020FBE7F0B5D04800214568CC4C2A02130E002B55D0006803061B0E51D02F
:20280000A183CA4BC1B218885B680004120E000E1B0E91420CD9891AC54A514389B2A183F1
:20282000984205D22D261A1A36017243891AA183BE4A116896680902090EF2B298420ED9A7
:20284000C01A2D231B015843A38BC01880B2A083914204D2531A18277B43C01AA083B34B2E
:2028600018681B89000E1B041B0E91420BD9891A18225143A28B891889B2A183984202D2DB
:202880001A1A891AA18398420BD9A18BC01A401880B2A0833202E9B2120E914201D2401ED9
:2028A000A083F0BDA183F0BDA248E12100888900421A9B49E72A887904D3962801D2401C64
:2028C000887170470028FCD0401E8871704710B5FFF78DFD924980B20884974A8018FF22CE
:2028E0009B32904205D348790F2801D2401C487110BD48790028FBD0401E487110BDF0B577
:202900008E480024045F8E488F4A4B2701257D260188FF006D0576018A4B1088BC4211DDA6
:20292000B1420FD95C6824050CD55C68640409D4F110884202D2401C1080F0BD5868284382
:202940005860F0BDB142FCD2002802D0401E1080F0BD5868A8435860F0BD7A490868002257
:2029600083017A48002B02DA012141713DE00B685B0102D50221417137E00B685B0102D5E1
:202980000321417131E04B685B0302D5042141712BE04B685B0202D50521417125E06C4B0B
:2029A0001B785B0702D5062141711EE04B689B0602D50721417118E00B68DB0002D5082129
:2029C000417112E00B681B0102D5092141710CE04B681B0202D50A21417106E04968C9023F
:2029E00002D50B21417100E042714179594B002906D019881E2902D2491C1980427170470E
:202A00001A80704730B554480021415E534A0020105E814235DD524B00229A5E474C0023B7
:202A2000E35E55109D422CDDD2109A4229DD454A1268520725D402464632394B914204DDF1
:202A4000081A46384009986304E0986B002801D0401E98633D4A996B5078884202D9401E03
:202A6000507009E0884207D2002803D1032901D9517001E0401C507050780C2801D90C2048
:202A8000507030BD10B5264CA0780D2802D2401CA07010BDFFF726FC0120A07010BDF8B535
:202AA000304901260878052802D2401C087000E00E70087800251A4C012808D0022809D0B4
:202AC00003280AD0042873D0052872D0ECE002F017FFE9E002F01AFFE6E0234908780A2887
:202AE00002D2401C087000E00E700878012813D0144902283AD0032846D0042847D0052802
:202B000048D0062848D0072854D0082870D009286FD00A286ED0C7E0FFF7B4FFC4E00000C0
:202B20001C2500206C29002000270010F42A0020382200009C260020CDF8FFFF8425002042
:202B4000902500209026002030270020002B00203C270020CA250020DE260020F22500201B
:202B6000FA250020B4250020B52500200868FF49400705D50888002801D0401E088093E068
:202B8000FF202D3008808FE002F0C6FE8CE002F0C9FE89E0667087E02078401CC0B220704B
:202BA000642801D200287FD1FFF7C2FB26707BE075E077E020790A2802D2401C207100E082
:202BC00026712079012816D0E94E022816D003283DD0042848D0052849D006284AD0072836
:202BE0004BD0082860D009284AD00A284BD05BE04CE04EE050E002F09BFE55E0DD490127EF
:202C000008883F050F2817D2401C0880B0680002C10E71703168FA1011433160A28B2D230D
:202C20001B019A4202D8000E142802D2394331603AE0B943316037E0FFF7E4FE0121306847
:202C40004904884389000843B84330602CE00868400707D5C8490020085E41004010081816
:202C6000708221E075821FE0FFF777FE1CE0FFF746FE19E0FFF72BFE16E002F05FFE13E07A
:202C8000FFF712FE10E0FFF7AEFD0DE002F05CFE0AE002F05FFE07E002F062FE04E002F01C
:202CA00065FE01E002F068FEB449087800280AD0208A401C80B220827D22D200904201D308
:202CC00025820D70F8BD2582F8BD10B5AC4801684A07AC4927D5AC4B00241C5FAB4AFF349D
:202CE00008462C34C08B94420BD302241C5FFF342C34944205D304241C5FFF342C34944239
:202D00000CD29D4B00229A5EA14B9A4206DD7D22D200904201D2401CC88310BD0028FCD0AA
:202D2000401EC88310BD40680005FBD4994800780007F7D40020C88310BD7047F8B5FFF7E4
:202D40005BFB9049C8824A6A101848620A89521C92B20A81102A75D3001104B28E48048001
:202D600000254D620D818E498C4808608D4908608D4AA003515F01F0BEFB8C4908608C4AB9
:202D80008C49904201DB0A6005E08B4A904201DC0A6000E0086089490020085E0121C906E2
:202DA000774B844202DD1A680A431A602038844202DA18688843186081490020085E814E87
:202DC00001462039804A8C4215DA3788052F12D91188032902D8491C11800AE019680122CB
:202DE000120711431960624A012711683F043943116035800AE08C4203DA3188491C318057
:202E000004E01188002901D0491E11806F4D704E84421EDA2988002915D0021B52008A4211
:202E200001DA891A29800022B25E2988D6108E4201DA491E298029888E421CDD5103090C04
:202E4000298018E028E00021715E4903090C298011E000212A88715E8A420CDA261A7600D4
:202E6000B21892B22A808A4201DA521C2A802A888A4200DD29805D3084420DDD1868C0005A
:202E80000AD518680121090788431860384801220168120491430160F8BDF8B54D480023ED
:202EA00004784E484A4EC25EF05E4B4986B200964B4E4C4F95B2002C0CD0012C0ED0022CDC
:202EC00016D0032C1ED0042C26D0052C2ED0062C32D039E00B7033803B8035E032220A7081
:202EE0003580810040180A2101F005FB38802BE04B220A703580062148430A2101F0FBFA06
:202F0000388021E064220A7035804B214843642101F0F1FA388017E082220A703580C100A8
:202F200040180A2101F0E7FA38800DE0B420087035800098388007E00B70D110121189183F
:202F400031800003000C38800E4827498089274A41182748274B0088914280B24FD2062C9F
:202F60004DD0002C4BD03580009945E0C2250020002B0020C625002084250020C42500204B
:202F8000902600201C2500204028002057020000DC0500003C270020DE260020204E000023
:202FA000E0260020E4260020F4250020E826002055550000EC2600206E340000F0250020A7
:202FC000F2250020202700202C2700201E270020FA25002006270020F9260020E225002089
:202FE000FA260020FC26002027FBFFFF770A00008C260020FE26002039801880F8BD1880FA
:20300000F8BDFE48C1680269914201D3FC49816070477047FB48C0214162FB490A69431510
:203020001A430A61C3214162F448012101617D22D2014261C161F5494160704710B5F449B2
:203040000020085EF3490860F3490860F3490880F34A00211180F44BF24A1A807D22F34BFD
:20306000D2001A80F24A1C231370F24C19222270F14C2370F14B1A70F24BF14A1A805B22B6
:20308000F14BD2001A80F14AF14B12881A80F14A1060F14A05201070F0480180F0484322FC
:2030A000027046224272EF480170EF4802701621417001218170ED490978C170EC49097898
:2030C000017110BD08B5FEF743FF00F002FB02F00BFCFEF763FF00F0F7FCE748E5490068D8
:2030E00001F0FBF9E549401E002788420BD8E4494861E4480723C2691202120A4C0422434F
:20310000C2618F610B61FFF7B9F9FFF702FADE4C2068102108432060FFF790FFFFF77AFFF4
:20312000DA4D2F70DA48FFF709FBDA480078A92803D12878202108432870FFF76AFFFFF755
:2031400060FFD54D68780128F9D1D4490020085ED34900228A5E10430FD0206800010CD4B7
:203160002068C00009D46068000206D46068800703D4BB484079002804D02068400701D503
:20318000FFF7C7F9FEF7BEFE002804D0606802210843606007E060680221884360606068B1
:2031A0004905884360602068400717D5BD4E3088401C80B230801921490188421BD9BA4935
:2031C0000020085E9E493131884214DD6068042108436060FFF79DF937800CE0B1490888B4
:2031E000401C80B20880FF21F531884203D96068202188436060FFF70EF9AC490880FFF7C9
:2032000000F9296B40182863FFF7ECF880B2A881A96A0818A862FFF703F980B26883E96A6A
:203220000818E86200906889401C80B2688104287AD39F480078C10722D0296B9D4A890393
:20324000090C11809C4B1A888A420BD9561A1F2E02DD7611921B1A801A888A4215D9521E59
:203260001A8012E08A4210D28E1A1F2E02DD7611B2181A801A888A4207D2521C1A8004E022
:20328000296B89030A0C8C490A802F63A96A8903090CA981704A1678062E06D16268D20238
:2032A00003D4FF20C3306882A3E0844A1279AA2A16D16268D20213D4022E11D9634A122026
:2032C0000021285E515E884203DA0A1A9210101868821220285E884201DA401C688288E00E
:2032E000774A784B8A189A422ED2626852032BD4002E29D04B20C000081A4100192040017F
:20330000081880B2E8811221695E81420DDD0A1A0F2A02DD1211891A69821221695E8142A1
:2033200067DD491E698264E01EE1814261DA421A1F2A02DD5211511869821221695E8142BE
:2033400057DA491C698254E06168090537D5010701D4410733D5400707D55B4801885B48B6
:2033600001F0BBF80001A88202E038480088A88212201421285E695E88420CDD421A0F2A6E
:2033800002DD1211801A68821220285E884210DD401E68820DE088420BDA0A1A0F2A02DD18
:2033A0001211101868821220285E884201DA401C68826068012189038843606019E04107F3
:2033C00002D4000700D560681220285E00280ADD012802DD4110401A68821220285E00282F
:2033E00001DD401E68826F826068012189038843606037481221695E00886BE00000024027
:20340000FECAADAB000001400003014001FF0000FA25002028270020242700201E27002089
:20342000202700209411000090250020AC2500200227002003270020042700200527002090
:2034400081020000882500208A250020E225002000270020342700200627002014270020BC
:20346000002B0020F8260020182B0020D0710010C47100108813000040270020FFFFFF00AB
:2034800000E000E004ED00E090260020BE25002000F000106C2900201C250020A4260020C2
:2034A0006E25002076250020842500209C2600203C2700201227002010270020F02600208A
:2034C00027FBFFFF37090000A025002060EA0000FA260020814200DD68824C4912220020AA
:2034E000AA5E085E824200DD68824948698A01800098801000B228834B280ADA4548002144
:20350000415E454801602068012149068843206027E05B280CDD40490868002802D0401E16
:2035200008601EE02068012149060843206018E05B21081A374900228A5E5043021137481C
:20354000026035490868904202D9401E086003E0904201D2401C0860206801214906884398
:2035600020606F81AF62EF62FFF797FCFFF7E6FB2B48406A4007400FE870002801D00728E6
:203580000BD128490878032805D960680121C9050843606001E0401C0870688A002830D1C2
:2035A000206840072DD4204E3088401C00B23080C82828DB02F098F91C490A6B0320800262
:2035C00002430A631A490A6B02430A63194A116B01431163378020680121890688432060DD
:2035E0006068042188436060E878002806D0072804D061680120C0058143616009480770F6
:2036000001E0094807806F7099E50000E22500206E250020FA2500202427002028270020A1
:2036200000010440BF250020DC26002080010050800200508003005010B58521E248C90546
:203640004163E2498163E249C16303210180E1490164E14A4264E14A8264E14AC264E14AD6
:2036600002654165E0498165E049C165E0490166E0494166E0498166E04AC266416702670C
:2036800002224280412109068167DD49C1670146DC4B80310B60DC4B4B60DC4B8B60DC4B08
:2036A000CB60DC4B4B61DC4B8B611321090281801021C180FF2191310181428149008181D5
:2036C0004B21C900C1817D214901018200F0C4FA10BDF0B587B0FFF7AFFF8D25BA4FED0560
:2036E00080373D61B84C1021A06C01F0CDFE616E069101F0ABFD01F059FE6082A16F2846D1
:20370000059102F071FF0A2101F0BEFE0546606BC249049002F068FFC14902F065FFC14961
:2037200002F062FF294601F091FDB86201F064FE3863A06B0A21039001F0A6FE0546BA4994
:20374000049802F051FFB94902F04EFF294601F07DFDF86201F050FE7863039801F04CFD27
:203760000022B34B01F0F4FB05460E46B148059902F03AFF102101F087FE01F03DFD2A46A6
:20378000334601F08BF900F09FFF386201F00EFEF863A649039802F027FF0546F8699F4985
:2037A000029001F053FD059902F01EFF102101F06BFE294601F04AFD786201F0F7FDE08335
:2037C000A16DE06E0E4601F041FD9B4D294602F00BFF069901F03AFD01F0E8FDA08431467F
:2037E000A06E01F033FD294602F0FEFE069901F02DFD01F0DBFDE0843146206D01F026FD3E
:20380000294602F0F1FE069901F020FD01F0CEFD20853146206F01F019FD294602F0E4FEFA
:20382000069901F013FD01F0C1FD60853146606F01F00CFD294602F0D7FE069901F006FD4B
:2038400001F0B4FDA0857D4DE06D294602F0CCFE616D02F0C9FE216E02F0C6FE069901F003
:20386000F5FC01F0A3FD00B2E085282100F043FE20862946206C02F0B7FE616C02F0B4FE7C
:20388000069901F0E3FC01F091FDB86301F0F0FDE16C02F0A9FE01F089FD05B23D64062165
:2038A000284600F028FE664E00B230606800062100F021FE00B2706068002818062100F0AF
:2038C0001AFE00B2B060A800062100F014FE00B2F060A8002818062100F00DFE00B23061EE
:2038E00006206843062100F006FE00B270615549049802F079FE039901F0A8FC7F21C90517
:2039000002F0CAFE01F078FD354681B20C3D2980019101994800401C68800499E06B02F055
:2039200063FE01F069FDA880B86901F03FFDE082786901F03BFD2083434801F037FD2084F6
:203940000127BF036783029801F056FC05460E460C2200203D4901F01FFC2A46334601F05D
:203960009DF801F0BFFAA0830199F802491C00F0B4FD60840020A08235498F813549C881D0
:203980002046C4300168022291430160016804229143016041680822914341604168102224
:2039A0009143416001689305994301600168914301600168D20311430160016892029143F2
:2039C000016007B0F0BD0000CC2500209A997941CDCC8C3F17B7513B00002041CDCC4C3EE2
:2039E00000008C420000404200008C410000B041000030410000A04000002442000082423E
:203A00003F355E3ED4D6083A753FA739000078419A99A6420000C84200C0C14500007042C0
:203A20000024744900FEFF4600A82A4600007A4400408F408988884300F07F4500F07F4737
:203A4000A02A00200000FA4300FEFF3F0000D04024290020402800200F4885460F49104A2A
:203A600030200A600431401EFBD10E4880470E4880470E4800470000FEE7FEE7FEE7FEE7C2
:203A8000FEE7FEE700BF70470120704708480949094A0A4B7047000010320020000000208B
:203AA00000BFFEE7C13A0010853A00102D100010102C002010320020102E0020102E0020C1
:203AC00010B5FFF7E1FF10BD10B50D4800680104090EC2B20B4800290BD0002A0CD0080205
:203AE00081187D20400600F0F8FC7D21C9004843400A0549086010BD00F0EFFCF9E70000EC
:203B0000000301400048E801402700208307FF22DB0E9A408907090E9940002808DB830825
:203B20000E489B001818036893430B43036070470007000F0838830809489B001818C36992
:203B400093430B43C3617047002805DBC106C90E01208840034908607047000000E400E0A8
:203B600000ED00E000E100E08307FF22DB0E9A408907090E9940002808DB830809489B0047
:203B80001818036893430B43036070470007000F0838830804489B001818C36993430B4304
:203BA000C361704700E400E000ED00E08307FF22DB0E9A408907090E9940002808DB830815
:203BC0001F489B001818036893430B43036070470007000F083883081A489B001818C369D0
:203BE00093430B43C36170471748184901601648903017490160704700B501F027FE00BD87
:203C000000B501F02BFE00BD00B501F02FFE00BD002805DBC106C90E012088400D4908603B
:203C2000704700280ADBC106C90E01208840094980310860BFF34F8FBFF36F8F70470000D7
:203C400000E400E000ED00E040000020234887461558001000E100E0F0B5FF4893B0006866
:203C60000C9001F0C9FA06460290FC4803910F46006801F0C1FA044600900191F8480D46D6
:203C8000006801210B9001F0FFFBF64909680D9101F0DCFA01F0B0FA22462B4601F058F949
:203CA0000022F14B01F054F932463B4600F0F6FEEE4AEF4B01F04CF90022EE4B00F0BEFEDC
:203CC00001F010F900B2642100F015FC6421484301F0CEFBE849086001F08EFAE74AE84B72
:203CE00001F036F90022E74B00F0D8FE01F0FAF800B26421484301F0BBFBE34FE349386048
:203D0000884200DA3960019D009C0D9801F074FA22462B460591049000F0C0FE0025ED4322
:203D20002A4601F039FADA4ADA4B00F0B7FE2A4601F032FAD84AD94B00F0B0FED84AD94B4A
:203D400000F0ACFE00F0C0FCD74CD8492061884200DC2161D648006801F04EFA02460B46D8
:203D6000D448D54900F09AFE00F0AEFC20636063D2480021C943006801F086FBA063D04865
:203D80000021C943006801F07FFBE0630790CD480021C943006801F077FB20640690BC4A1C
:203DA000BC4B019E009D0599049801F0D1F8C64AC64B00F073FE2A46334600F06FFE00F014
:203DC00083FC606401F018FA05460E46C048C149039B029A00F062FE2A46334601F0B8F8D8
:203DE00000F072FCE064BC480068059001F004FA0546BA480E460068049001F0FDF9024665
:203E00000B460020B64900F049FE2A46334600F045FE00F059FC20650699079802F09EFB4C
:203E20000021C943079001F02FFB606538680C990A9002F0D9FB012101F026FB01F0DCF93F
:203E4000954A964B01F084F80022874B00F026FE00F03AFCA0650B9801F0CEF98C4A8D4BF9
:203E600000F01CFE00F030FC1021E06501F00CFB0B21C94301F008FB9A4DA862089005995B
:203E8000049802F0B1FB042101F0FEFA0C2101F0FBFA954901F0DAF901469720C00501F071
:203EA000D5F9E8620990069801F0A6F90F4600900121029E0A9801F0E7FA01F09DF9764AC1
:203EC000764B01F045F83246039B01F041F80E22D24301F061F90022634B00F0DFFD18224D
:203EE00001F05AF93B46009A01F032F800F0ECFB06462863089801F059FA401068630998FA
:203F000001F054FAA863304601F050FAE863079801F072F90F911090E06A01F06DF90B462E
:203F2000024601210020890701F0C2FD09910A90E06D009001F060F90746206D0E46079097
:203F400001F05AF90D91059006911290E06801F053F9514A514B0491039000F0F9FF0D9B3D
:203F6000129A00F0F5FF3A46334600F097FD099B0A9A00F093FD0F2201F00EF90F9B109AEF
:203F800000F0E6FF00F0A0FB2066206B089001F033F90C9005980B910E90A06B0D9001F0EF
:203FA0002BF9059110903C4A504B0499039800F0CFFF059B109A00F0CBFF069B0E9A00F053
:203FC000C7FF3A46334600F069FD0B9B0C9A00F0BFFF0F2201F0E0F800F076FB314660663A
:203FE0003E463E480F464249006802F0FDFA3A49096802F0F9FA01F0FFF800223D4B00F02B
:204000004DFD039106900C210D9801F03DFA01F0F3F8039B069A00F041FD32463B4600F001
:204020003DFD00F051FB0F21A06401F02DFA01F0BDF9286107990D9802F0D6FA2E4902F01E
:20404000D3FA009901F002F90646A06620692A49074602F0C9FA51E0442600205826002065
:204060001C2600205426002000004E40B81E85EB51B8F23F00004940682600203333333333
:204080003333F33F000059405C2600200000FA43912B50E67AB6FB3F112D4454FB21094079
:2040A0009A9999999999E93F4C2700200AD7233C04260020FCA9F1D24D62503F48260020F0
:2040C0004C26002050260020B5FCC0559EA0F63FF32BA594B6EF7F3F102600200C2600201D
:2040E00000000440CC2700200000A040FB21194000F07F470000144000FEFF46009901F03D
:20410000A5F86169029101F0A1F8E06603900099089802F069FA914902F066FA394601F018
:2041200095F8206705900799606D02F05DFA0E2101F0AAF9394601F089F8012101F0A4F9BC
:2041400060670190304601F057F907466861039801F052F9A8610390059801F04DF90646A7
:20416000E861019801F048F97D4928620A68012149067B4B8A431A6000222280794A97428B
:2041800002D9012323806A61039B934203D923889B1C2380AA61964203D923881B1D238019
:2041A000EA61704A904204D920880830208010462862208800286A48026801D00A4300E001
:2041C0008A430260A06D0299074602F00DFA634E314601F03BF8A06706903046029901F0D7
:2041E00035F8394601F032F8E0670590206A0121049001F049F9E16902F0F6F9A1690291E1
:2042000001F024F8394601F021F8314602F0ECF955492860884200DD29600499084602F087
:20422000E3F9029901F012F8394601F00FF8314602F0DAF9616B0E4602F0D6F96860079019
:204240003146384602F0D0F900F0D6FF474A484B00F024FC0022474B00F07AFE022200F085
:204260009BFF00F031FAA8600890606A00F0C4FF06460F460121A06A01F006F900F0BCFF04
:204280003A4A3B4B00F064FE32463B4600F060FE0F4606460022384B00F0D0FB02460B46E1
:2042A0003046394600F0FAFB0022324B00F050FE00F00AFAE860049006986862059801F081
:2042C00075F860800190286801F070F80746A080079801F06BF80646E080089801F066F81C
:2042E00020810390049801F061F8024660812348AC8A0480298B4180AB8B83808C462D8C1D
:20430000C5800021816081811D480480644644808380C58081601B4B81811F805E80039854
:204320009880DA800F48D8604042186101981881154881840162C1600161816181831348C6
:20434000806813490002000C884200D0FEE71148FF21EB31018013B0F0BD000000FEFF46C3
:2043600090260020FF7F00000000FA46112D4454FB210940C0FFDF400000F03F8C2B00208A
:204380009C2B00205C2B0020342B002000000140C0F10000B4260020FEB5054610460C467E
:2043A000184373D0AE468C460020AD1A01469C4167D36646002701243D46B61A9D4102D356
:2043C00013463A462124654676462F04360C3E432D0CB61A9D4104D3150C1B042B431204E0
:2043E0001034654676462F06360A3E432D0AB61A9D4104D3150E1B022B43120208346546B7
:2044000076462F0736093E432D09B61A9D4104D3150F1B012B431201241D65467646AF0710
:20442000B6083E43AD08B61A9D4104D3950F9B002B439200A41C65467646EF0776083E43A8
:204440006D08B61A9D411AD392185B41641C16E00018764665464941B71A9D4101910090B6
:2044600009D36046B11A98418E468446009801990025401C6941DD0752082A435B08641E8B
:20448000E6D57246634603B0F0BDFFE700200146C046C0462A462346F5E701E004C0091FC5
:2044A0000429FBD28B0701D50280801CC90700D00270704700290BD0C30702D00270401C45
:2044C000491E022904D3830702D50280801C891EE3E70022EEE70022DFE7002203098B42A9
:2044E00073D3030A8B4258D3030B8B423CD3030C8B4221D312E003460B437FD4002243086E
:204500008B4274D303098B425FD3030A8B4244D3030B8B4228D3030C8B420DD3FF220902CD
:2045200012BA030C8B4202D31212090265D0030B8B4219D300E0090AC30B8B4201D3CB03A3
:20454000C01A5241830B8B4201D38B03C01A5241430B8B4201D34B03C01A5241030B8B423F
:2045600001D30B03C01A5241C30A8B4201D3CB02C01A5241830A8B4201D38B02C01A52411C
:20458000430A8B4201D34B02C01A5241030A8B4201D30B02C01A5241CDD2C3098B4201D33F
:2045A000CB01C01A524183098B4201D38B01C01A524143098B4201D34B01C01A52410309EA
:2045C0008B4201D30B01C01A5241C3088B4201D3CB00C01A524183088B4201D38B00C01A8C
:2045E000524143088B4201D34B00C01A5241411A00D201465241104670475DE0CA0F00D08A
:204600004942031000D34042534000229C4603098B422DD3030A8B4212D3FC22890112BA04
:20462000030A8B420CD3890192118B4208D3890192118B4204D389013AD0921100E0890972
:20464000C3098B4201D3CB01C01A524183098B4201D38B01C01A524143098B4201D34B0155
:20466000C01A524103098B4201D30B01C01A5241C3088B4201D3CB00C01A524183088B42AB
:2046800001D38B00C01A5241D9D243088B4201D34B00C01A5241411A00D20146634652414F
:2046A0005B10104601D34042002B00D54942704763465B1000D3404201B50020C046C04656
:2046C00002BD7047704770470246C80FC00781434B0030B54B405B009B0D20D01923DB0681
:2046E000C91801231B05994220DB0324A40704251346AB400BD3002B04D1EB0613409B00C3
:20470000E34204D401246407002312195941FF231B0599420BD2C9000143500F09E0CB0208
:2047200004D501430803024305D0054830BDFF21C905084330BD084607210905884330BD9B
:204740000000C07FF0B50C46871A9C410D46861A9D4103D2C01BA141D21963410D0D1F0D6D
:20476000C94EEC1BAE435CD07F057F0D0026002F51D02D05AC46A943DD020123ED0A1B054E
:204780001D4320231B1B24D41746E740381871412F46E740CC199D402818314661410C0DF2
:2047A00027D161449A4013D50023401C594152000ED14008400001224B005205D34207D314
:2047C00005204007C14201D5B04900E0B0493046F0BD6B00002A00D001229A181F23203CC7
:2047E0001B1B01D5002302E0E540281871410C0DD7D0012424050919C407CD074008490829
:20480000E40F28436144002CD5D00024401C61419A40D0D1CDE76A05520DD9D1C90FC90753
:20482000D5E79C4D4E00002801D0012400E0002434195F00002A01D0012600E00026BE19B8
:20484000954FAC420CD8AE420AD8B44206D001256D05EC42BCD010461946F0BD9942FCD0A9
:2048600000203946F0BDF0B51FB40C460F46811A9F412546861A9D4106D20125ED076F40C8
:20488000401ABC4152187B41210D1E0D8D1BAC467D4D8D437ED075056D0D7CD00D05AE467A
:2048A000AC431B031B0B794D52429D41202366469B1B14D31746F7403818002600907441B2
:2048C00060462F460741E41900989D402818664116D4714671189A4025D5012320E093184F
:2048E0002A466A415200002B00D0521C1E23203E9B1B002B61DD3541EE1728186641E8D505
:20490000001876415B1C9A4000D3401C4B05F3181524E34010D3002B52D071467118D30F3F
:20492000C01802D3491C05B0F0BD0123DB079A42F9D140084000F6E701225205B21801D1DC
:20494000002853D00123CC0ADB029943891E002A08D1020C03D0020C0004103902E0024649
:20496000002020390023550B05D112020823550B01D152010D23550C01D112011B1DD50C12
:2049800001D192009B1C150D01D152005B1C2025EE1A01E02CE022E00546F5401543984053
:2049A000CA1AE10769181305C918002ABBDA032040070818C10FC9070FE071466118B2E710
:2049C000F10740080843711071444A000CD001235B059A42A7D2C90FC9070020A3E7490577
:2049E000490D26D1002001E00028F4D100219AE7284D6600002801D0012100E0002171185A
:204A00005F00002A01D0012600E00026BE19224FA94210D8AE420ED8B14208D001256D05BB
:204A2000E94206D01946A802414010467BE79C4201D0214677E70020394674E710B50C46AE
:204A40005C4005D50124E4076340FFF70CFF10BDFFF778FE10BD30B40C465C4004D5012456
:204A6000E407634030BC6DE630BCFCE670B50124E40761400D465D4002D4FFF763FE70BD7B
:204A80006340FFF7F0FE70BDFF0700000000F0FF0000F07F0000E0FF0000F87FF0B5F94DBD
:204AA0000C091E092C402E402F468BB0A7437DD0B543FCD0002E7AD0002CFCD00D465D40D5
:204AC000ED0F2543AC1BFF25AD0464190894C502440DC9022143500DDC0204430120C0070C
:204AE00001430443D2020191200C110C00958C46010423468B430A9161460904E24D8A438E
:204B00000991010A7D4449198039097805464D4301266D18F605751B6943C90C640B891CEC
:204B20004C436418B5012C1B250C2E04B4434C434D43210C691889090591009DE90701D0C0
:204B40000121C90704912C4601996708CD072F434C08059DE10B4D432D0C2946664675438F
:204B600002950D4645432E46029D7D1BB44100950D465D4301942C0C2F040D465543AE46BC
:204B80002D0C3D43029503947546049C2D04641B049406D2029C039D641C00267541039581
:204BA000029401AC70CC009F7D1B01E03EE162E1B44109040095079101940599A40861434A
:204BC000090C0C464443650BE7040C4666467443A646640B3C43039502947446049DE4048C
:204BE0002C1B049406D2029C039D641C002675410395029401AC70CC009F7D1BB44101948C
:204C00000C465C430095650FE7000C465443A646640F3C43039502947446049DE4002C1B38
:204C2000049406D2029C039D641C002675410395029401AC70CC009F7D1BB441AE09AF06BB
:204C4000049DC900AD092F43049DA406AD060495079D344369180791059DE10B4D432D0CA0
:204C600029466646754302950D4645432E46029D7D1BB44100950D465D4301942C0C2F04C7
:204C80000D465543AE462D0C3D43029503947546049C2D04641B049406D2029C039D641C15
:204CA000002675410395029401AC70CC009F7D1BB44101948C050694079C890A61180095D1
:204CC0000791019C0599A4086143090C0D464543680BEF040D46644665436C0B3C43049F1D
:204CE000ED047D1BAC4602D20025641C6841009E019D371B85410846584301950C46460F9D
:204D0000C5005443600F28436546E4002C1B02D20025401C6E41019D3F1AB5412846BD0962
:204D2000800628438446A009BF064E020699A40676180743079D002068410A9907901943D6
:204D40000020099B00906046FF1913434041E20F64003A43A4460446D71A8C41A04203D9E8
:204D60000120009020463A46C70F941840416246D20F2243644664000494009CBE46640001
:204D8000D71AA446044602978C417746002F01D1A04204D96046401C8446029A2046C40F6A
:204DA000A64694184041049A0546D20F224364466400D31A8D417146002901D1A84202D96B
:204DC00028461A46641C10430122002800D0164361020020079B891904465C410223002CBF
:204DE00002DB491813466441089DCE0A2D145D194B056705E10A2C050D1908993E43C90753
:204E00006940002B08D0934006D30022761C5141002B01D1760876001C4A002D43DB1542FB
:204E200041D0AA433FD030460BB0F0BD06180D464D41174C7642AC411AD395181C465C41E7
:204E4000134A6D42A24113D3012252054C00D4420AD15C00D4420BD04B4002D5920211432F
:204E6000E2E749004908DFE75940C90FC90718E000200849D8E7054801420DD10342F7D026
:204E8000F2E700000000FF07D42600000000F07F0000E0FF0000F87F114859400143C0126C
:204EA00041400020C0E70123089A9B069A4205DC032252078918C90FC907B5E705225207A3
:204EC0008918074A1143D2125140ADE770B515461C4602460B4628462146FFF7DFFD70BD34
:204EE000FFFFFF7F30B50346CA02400D1043164D164C0A1502D02043002A06DBAA1A002A8A
:204F000012DDD040FF2A0BDC30BD5205520D01D140004008AA1A07D4D0404042FF2A01DD4D
:204F2000002030BD0028FCDD4A00002B01D0012000E00020101801225205D042F0D8C817A1
:204F4000C043604030BD00001E04000000000080F0B58B4C0F09254689B0BD437BD01D0976
:204F60002646AE43FAD00E465E402740F60F3E43254071D024012142FBD0FF24AD19A404A1
:204F80002D1B039501252D05DB02DB0AC9022B43C90A29431E010901040F130F05012143D7
:204FA0001701880B820391432D098C46A90B1E438A039543B30B9A0396433F09BA0B940393
:204FC000A74302962E467E430497B6464E19D7190C460196544305977E43371B7646BF1B67
:204FE0003601B646BE0B361900967646BC043719009C01D3641C00946400002F01D00126F5
:205000003443029E049F754366467E430496760034196E0034190094029C019E1C196643EA
:20502000751BAE46069465464519059C05956C43594375460891691A0191049E01465143DD
:20504000A41B0491611A009C0791E10605D061090122114302E072E06EE06109089D0027F8
:205060002C0A2D066918049D7C412A0A2D066918019D6241AC0DAD026D185441079A910DFE
:20508000920255196141029A644658435443069B059A5A43121A131B9A0E9B015B187A414B
:2050A000010B0005C3185141220A200644195A419A4200D2491C01204002814203D31523E1
:2050C0000226F64302E014230326F6432020C51AA9401746AF40DA400A4320460399D8401F
:2050E0000914731819055118039A3843D2075140AC4009D00122944006D30022401C51415A
:20510000002C01D1400840001E4A934212D3012203989206904207DB0520400709181A48EE
:205120000143C012414004E0032040070818C10FC907002009B0F0BD0020F107FAE705182E
:205140000C464C4111486D42A04115D394181A465A410E48644290410ED301204A0040059A
:20516000824209D35A00824206D35940C90F084AC90700201143DDE700200649DAE700009D
:205180000000FF07FE070000FFFFFF7F0000E0FF0000F07F0000F87F70B505464800440DBA
:2051A000124B0020002C0AD0634008D09A4206DA6642B24203DD12054019514170BD002C5E
:2051C00008D0002B09D0C90FC907002AF6DB084A114370BDC90FC90770BD28460A031043DA
:2051E00002D00020034970BD284670BDFF0700000000F07F0000F87F0121C9050123411850
:2052000042001B06D3185B0E0AD0C1100722D206891840075242D14201D55200891870471C
:20522000090208D50146002A03D0C10FC9070020704710467047420202D000200249704786
:20524000072109050143F4E70000F87FF0B5FF252D04C609C209FF2704462E400137CB0904
:205260003E4348402A402B400746002A6BD0002B69D0AA4267D0AB4265D0002800DA32467B
:205280000125ED0529432C4309022002090AD21A4B0C7F24E31A434C000A7C44E35C7D24BF
:2052A0002404121914145B00A218884201D3521C00E0400049420C465C4324115C43DB0106
:2052C0006415E318040A5C43C502200D0C4644436419250A5D432303EC0C0D466543000378
:2052E0000019EB184C42A34201D35B18401CD4052018002B07D05B00C91804D3401C0029D1
:2053000001D1400840003F2189048A4209D3002A08DC1106090F04D0032149074018C00FF2
:20532000C007F0BD01224100120689187F2252069142F6D205214907C84201D59010F0BDA5
:20534000FF20C005F0BD002F00DA32461648AA4207D2AB4205D21902090E17D0F80FC0076D
:20536000F0BDFF2563002D06AB42F9D84900A942F6D8AB4201D1A942F2D0A94201D10021BC
:2053800001E061004908D0050843F0BD1102090EFBD0FF200243D005F0BD0A4601461046E5
:2053A00054E70000BE1F00000000C07F10B501469E240002CA15A307002A02D01843002ABC
:2053C00004DBA21A002A0CDDD04010BD1206120E01D140004008A21A03D4D0404042002863
:2053E000F3DDFF2248001206904201D9002010BDC817C043584010BD0102C21504D00123AA
:20540000DB071943002A0ADB9E239A1A02D40846D0407047FF2241001206914201D9002098
:205420007047C017C04370471F22030C02D10F2200041CD0030E01D10002083A030F01D1D5
:205440000001121F830F01D18000921E002801DB4000521ED205511802125118192290400A
:2054600004D3491C002801D14908490008467047C10FC90700D04042012292071143D3E79B
:2054800001218907D0E7000010B5FF22C30D134009D05A4007D0914205DA5C42A14202DD3E
:2054A000C905081810BDC40FE407002B06D0002A06D0002902DBFF20C0050443204610BD0E
:2054C0004102FCD0004810BD0000C07F10B500F035F8006810BD10B5044600F02FF80460C8
:2054E00010BD1F22030C02D10F22000402D0030E03D004E00020014670470002083A030F79
:2055000001D10001121F830F01D18000921E002801DB4000521E120551184205C01241184D
:2055200010467047C10FC90700D04042012292071143D6E701218907D3E700000048704734
:20554000AC2B0020F8B5224C4E00069DA6420AD8A64201D1002806D15E00A64203D8A642BC
:205560000AD1002A08D00D24240425422CD02946002000F0DAF8F8BD0C461C430CD4994220
:2055800002D0EFF30080F8BD904202D0EFF30080F8BDEFF30080F8BD09242407E5008B4246
:2055A00006D0EFF30080A043591A06D2284304E0101A05D3EFF30080A04380F30088F8BD3F
:2055C000EFF30080A043F1E7009500F0C5F8F8BD0000E0FFF0B53D4B02460C461C40002095
:2055E000002C63D03A4D8B4366D000296BDB0B0D1D05A94301252D0529430124FD33E340F0
:2056000001D392184941FF3381339C468B02940D0121234389074C42920200271B198C105B
:205620005D1A04D42D1B02D42B466500491992185B416408F4D15C1A08D40125ED07EE17DD
:205640005519744102D42A462346491C94185B41012292071D46E61B8D4106D4B61A85416D
:2056600003D42B46550034467F1924195B415208802AEFD1234300D0022338460A22D040C9
:2056800001D3012213438A0510436246890A12058918002B09D00122D34002D30022401C5B
:2056A0005141002B01D140084000F0BD0B03134307D0C90FC907F0BD0803104303D100293B
:2056C00001DB1046F0BD00202946F0BD0000F07F0000F87F00487047AC2B00207546FFF722
:2056E000F9FFAE46050069465346C008C000854618B020B5FEF7CAF960BC00274908B64639
:205700000026C0C5C0C5C0C5C0C5C0C5C0C5C0C5C0C5403D49008D46704710B50446C046D6
:20572000C0462046FBF7CDFC10BDC80212D54803400F002804D0C803C043012188407047BF
:20574000EFF300800001000903210907084380F3008870470020704710B500200249029A09
:2057600000F004F810BD00000000F87F10B50C461107090F092904D00A290AD008290CD191
:2057800004E011460820FFF7D0FF06E0510606D501E0510601D50120C007214610BDD106C8
:2057A00007D501010909CC084907000E0006044309E0410F20024907000A0143200E00064D
:2057C0001D22D14101430846E7E7000001491820ABBEFEE726000200704730B58C18027866
:2057E000401C13071B0F01D10378401C120906D10278401C03E00578401C0D70491C5B1E81
:20580000F9D101E00B70491C521EFBD1A142E6D3002030BD30B52A4A906B2A4C81030CD5E9
:20582000D16B01235B049943D1632360264B19688D0702D5042529431960C00305D50121EC
:2058400009042160D06B8843D06330BD1F480168090201600168CC31016070471B4801680E
:20586000090201600168BB31016070471749AA2008607047704770B51148846B114D610221
:2058800004D581012960C26B8A43C263200305D50120C00428600020FBF740FDA00706D5CA
:2058A000FBF74FFCFBF717FD01200006286070BD05480078800701D500BF7047FEE700004C
:2058C0000000014040000140902400208424002003B40148019001BD4505002003B40148B1
:2058E000019001BD0B07002003B40148019001BD7D01002003B40148019001BD2324002084
:2059000003B40148019001BD890D002003B40148019001BD4316002003B40148019001BD6B
:205920009713002003B40148019001BD7113002003B40148019001BDED14002003B401483A
:20594000019001BD1B14002003B40148019001BD6B14002003B40148019001BDBD0A002085
:2059600003B40148019001BD0516002003B40148019001BDDB0A002003B40148019001BDFA
:20598000FD0B00204900CA020243100000D004204A0D01D001221043044A490D914201D19A
:2059A00002210843012800D105207047FF070000F8B504464F1EC8000838211815461E4639
:2059C000086849683A4606239A4310D02A463346FFF7BEFA3A46D200083AA3181A687F1E3B
:2059E0005B68FFF72BF806223B469343EED1022F23D0042F11D0062F2FD12A463346FFF741
:205A0000A7FAE36AA26AFFF719F82A463346FFF79FFA636A226AFFF711F82A463346FFF7D6
:205A200097FAE369A269FFF709F82A463346FFF78FFA63692269FFF701F82A463346FFF7FA
:205A400087FAE368A268FEF7F9FF2A463346FFF77FFA63682268FEF7F1FFF8BD002210B555
:205A6000134610460149FFF719F810BD0000F03F10B5FEF7E3FF10BD002210B5134610462B
:205A80001146FFF70BF810BD10B50721024A00200907FFF781FB10BD01030000034A10B52B
:205AA00000201107FFF778FB10BD000001FDFFFFF0B51FB496B084460C460246199D1898F4
:205AC0000390490068006300490840080193002A01D0012600E000269E19FE4BF6185B1051
:205AE0009E422BD36E00039F0296002F00D00127F719F84EF84BBE199E421FD3039E0346CD
:205B0000F64F334309D03B469C4201D1002A04D0019B002A05D0012604E0002039461BB0B2
:205B2000F0BD00269E19EE4B9E4207D8039F029E002F00D00127F6199E4207D92B46604694
:205B40002146189AFFF794FF1BB0F0BD0023002C29DAE44EB04226DAE34EB04201DB022391
:205B600021E0DE4EB0421EDBE04E070DBE19142E09DD3427BF1B039EFE400196BE40039F81
:205B8000BE420BD00FE0039F002F0CD11427BF1B0646FE400196BE40864204D1019BDE073B
:205BA000F60F02239B1B0E46164318D1002D16DA002C03D0022B01D0012B06D00220FFF73B
:205BC0008AFCFFF74BFF1BB0F0BD0220FFF783FCFFF744FF0122D20751401BB0F0BD039E11
:205BE000002E61D1BF4EB04220D1C148844201D1002A08D0B948814209DB002D10DB189842
:205C000029461BB0F0BD0020B4491BB0F0BD002D06DA01222946D207189851401BB0F0BDD7
:205C2000B4497944086849681BB0F0BDAB4FB84225D1002D1FDA002904D0B14212D1002A04
:205C400009D018E0002A72D1A649E20F0020D20711431BB0F0BD0020E20F0146D2071143DC
:205C60001BB0F0BDB14206DA234600203946FEF715FF1BB0F0BD104621461BB0F0BDB14228
:205C800012DA0126B607B54203D1234610461946FEE3994EB54207D1261E05DB10463146C3
:205CA00000F004FC1BB0F0BD67007F081646002A40D100290AD08B4A914229D1002C0EDD3B
:205CC000002D1CDB002011461BB0F0BD022B16D0002C14D0012B12D1002C14DB0FE0002C49
:205CE00028DA002D09DB012B03D000207D491BB0F0BD002081491BB0F0BD012B03D00020B3
:205D000001461BB0F0BD00200121C9071BB0F0BD724A91420ED1002C01DA002B17D0022B86
:205D200006D00020C043FFF7FDFB1BB0F0BD90E20120F8E7E217521C94461A4307D00022FB
:205D40000892664C62465B1E1A4307D009E00120FFF7C1FBFFF790FE1BB0F0BD0022644C18
:205D60000892674A90427DDD664B674A98421FDD914202DC002D05DB4DE05848814217DB34
:205D8000002D48DD0220FFF7A6FBFFF77DFE05460E460022534B21460898FFF7D9F808460C
:205DA00071004908C00FC007014328461BB0F0BD914215DA002D2EDA0220FFF78CFBFFF7D5
:205DC00063FE05460E460022464B21460898FFF7BFF872005208C80FC0070243114617E05F
:205DE0003E4B994223DD002D15DD0220FFF773FBFFF74AFE05460E4600223A4B214608980F
:205E0000FFF7A6F8084671004908C00FC007014328461BB0F0BD0220FFF75DFBFFF73EFE7C
:205E200049004908E20FD20711431BB0F0BD002230463946FEF70FFE012205460E46D24342
:205E4000FFF7AAF9314A324BFEF710FE2A463346FFF77EF80022284BFEF708FE07462A460C
:205E6000334600E064E0039110461946FFF770F83A46039BFFF76CF8074603220991520701
:205E8000244B28463146FFF763F807910C90224A204B38460999FFF75BF8074601911F4AA1
:205EA0001F4B28463146FFF753F83A46019BFEF7D2FD07460B460246099107990C98FEF7B9
:205EC000BDFD00250E462846079B0C9AFEF7C3FD3A4627E0FFFF1F00FFFF0F000000F03F44
:205EE0000000E0FF0000F07F0000404301FCFFFF0000F0BF021700000000E03F0000F0FF00
:205F00000000E0410000F043FFFFEF3F555555555555D53F4715F73FFE822B6544DF5DF8D5
:205F20000BAE543E099BFEF7A1FD02460B4652E1012500202D05A94207DA35223046394683
:205F4000FFF72AF906463420C0430A151218FE48101803900803FD49000B01430F46FC4901
:205F6000884201DC002003E0FA49884202DA0120119005E0002011900398401C7F1B039002
:205F800011980597C200F4480F927844801843680268394630460D930292FEF75CFD0791A5
:205FA0000C9030460D9B029A0599FEF747FD02460B460020E549FEF771FD09910490079B9A
:205FC0000C9AFEF7C5FF129000201090E3480D46784400680E9001217810490708431199D1
:205FE0000D9B890440180121C90447183946029A0E98FEF730FD3246059BFEF737FD02465A
:206000000B4629461098FEF7A3FF064602913B4629460E9A1098FEF79BFF079B0C9AFEF796
:2060200025FD3246029BFEF716FD099B049AFEF78FFF0591129A0A902B4610461946FEF765
:2060400087FF06460246C6480F460B4606217844FFF7AEFC32463B4600910490104619461C
:20606000FEF776FF009B049AFEF772FF06460F462B461946129A1098FEF7E0FC059B0A9A3D
:20608000FEF766FF32463B46FEF7D8FC109A079104902B4610461946FEF75AFFB14E002279
:2060A000334609910290FEF7C9FC079B049AFEF7C5FC00200746024633460091FEF7CBFC10
:2060C000099B029AFEF7C7FC079B049AFEF7CEFC06460D913A462946009B1098FEF738FF81
:2060E00007910C902B463046129A0D99FEF730FF05460E463A46009B05990A98FEF728FFF9
:2061000033462A46FEF79AFC02460B460746099107990C98FEF792FC00250E462846079B3B
:206120000C9AFEF798FC3A46099BFEF79FFC07460722099152078C4B31462846FEF708FF5B
:2061400007910090894A884B38460999FEF700FF07460191864A874B31462846FEF7F8FE0C
:206160003A46019BFEF76AFC834B7B440F9A9B181A685B68FEF762FC029009910398FFF76A
:20618000D1F905910490099B029A07990098FEF755FC7A4B7B440F9A9B181A685B681746CB
:2061A0000393FEF74BFC059B049AFEF747FC0E462846059B049AFEF74EFC3A46039BFEF745
:2061C0004AFC079B009AFEF746FC099B029AFEF74DFC02460B46199900200C900F4618987C
:2061E000FEF7B6FE029104903B460C9A19991898FEF731FC2A463346FEF7AAFE029B049A63
:20620000FEF71CFC09910E902A46334639460C98FEF79EFE06460F46099B0E9AFEF70EFCB0
:20622000574A0D46914220DB5242AA18024310D132463B46FEF70FFC04900391514A524BC7
:2062400009990E98FEF7FAFB039B049A00F052F91ED20220FFF73FF9FFF716FC49004908B3
:20626000E20FD20711431BB0F0BD6A00474B52089A420DD3464AAA18024300D0CBE53246E7
:206280003B46FEF7E8FB099B0E9A00F033F9F5D96800002340082C490393020D3D4B521890
:2062A000984223DD01200005521CD04042195000400D401838497944096813468C463749B6
:2062C000C1408B4312030121120B090551181422101AC1400391002D01DA48420390624662
:2062E00030463946FEF7B7FB06460F4632463B4609990E98FEF7A2FB00252A46284B284618
:206300000591FEF725FE07910C90264A264B28460599FEF71DFE0091029032463B46284614
:206320000599FEF798FB099B0E9AFEF79FFB1F4A1F4BFEF70DFE009B029AFEF77FFB074696
:206340000B460246099135E001FCFFFF0000F03F8E9803007AB60B001213000054130000DB
:206360007E1200000000084009C7EE3FFD033ADCF5015B14E02F3EBE521100001811000036
:2063800000009040FE822B654715973C00CC904000346F3F0000E03F6E100000FFFF0F00C6
:2063A000432EE63F396CA80C615C20BEEF39FAFE422EE63F07990C98FEF740FB05460E468B
:2063C000079B0C9AFEF747FB3A46099BFEF74EFB09912A4633460E9010461946FEF7B8FD5C
:2063E000074602462F480B46059105217844FFF7DFFA3A46059BFEF7ABFD2A463346FEF75E
:2064000035FB0746019128463146099B0E9AFEF79FFD099B0E9AFEF711FB012304910C9009
:2064200000229B0738460199FEF715FB05910E903A4628463146019BFEF78AFD059B0E9A82
:20644000FEF72CFB049B0C9AFEF705FB2A463346FEF701FB0022144BFEF708FB06460398AC
:206460000D46000541190915002912DC30462946039AFEF791FEFFF785FA042801D1FFF7C6
:206480000DFB30462946039AFEF786FE064601E004E029180B46324621460898FEF758FD8D
:2064A0001BB0F0BD100F00000000F03FF8B506460C46FFF78FF8051E0F4600D001200143A1
:2064C00049000B484908411AC90F0DD0002E01D0012100E000210C4361004908401AC00F73
:2064E00002D10120FEF7F7FF28463946F8BD00000000F07F70B501251C002D050C4310D4E0
:20650000EC4206D4AC420AD48B4200D070BD824270BDEB4217D4E94215D48B4270BD9B42E9
:2065200070BDEC4206D5AC42F9D5994200D070BD904270BD6D005C00EC4204D24C00EC424B
:2065400001D2994270BD0FB4034C0CBC03BC30B4FEF7F8FF30BC70BD1900160470B5012560
:206560000400ED074C4020D4441A01D2001B0919C60D4B00F2B2FF2A29D01B0E2CD000022A
:206580000C02D31A2C43DC402843051910D2280A02D3401C6D0611D0761EF6058019FF2A02
:2065A00000DA70BDC00DC00570BD694000F07AF801200543C541521C761CE8E764089C4084
:2065C000C90161408900E7D10124A043E4E71B0E440200D0034870BD002AFCD1C00FC007F8
:2065E00070BD00BF0000C07F70B5420064414B005C41120E39D01B0E38D0FF2A3CD0FF2BC3
:206600003AD040024902400A490A060045184E43000A090AD2184843ED017F3A0104731A87
:206620004019190C4318990F04D001215B0849075B1A521CD80904D3401CF50301D19D06CC
:2066400007D0FF2A08D2D50506D0E4072043401970BD0125A843F4E7002A01DCE00770BDD5
:206660002402FF202043C00570BD1B0EFF2A03D0FF2B01D0E00770BDFF2645003606B542AF
:2066800006D84D00B54203D8D218FF2A00D0E7E7004870BD0000C07F70B501250400ED0755
:2066A0004C4022D4441A02D26C40001B0919C60D4B00F2B2FF2A4BD01B0E50D000020C02DE
:2066C000D31A2C43DC40A843051B05D5AD0019D36D08761E521E37D0F605280A01D28019AB
:2066E00070BD70416D0603D070BD6940FFF73CFF9C4009026140490001D0401E70BD01241D
:20670000A04370BD6D081DD001202B0C01D12D0410302B0E01D12D0208302B0F01D12D01C0
:20672000001DAB0F01D1AD00801CEB0F01D16D00401C6D00361A121A680AF5054019012AF9
:2067400002DB70BD002070BDC036300AC00770BD1B0E440201D1FF2B00D1024870BD002AE1
:20676000F0D070BD0000C07F0000C90092015B022403ED03B6047F0548061107D907A208EF
:206780006A09330AFB0AC40B8C0C540D1C0EE30EAB0F72103A110112C8128F1355141C15B1
:2067A000E215A8166E173318F918BE19821A471B0B1CCF1C931D571E1A1FDD1F9F206121C1
:2067C0002322E522A62367242825E825A82667272628E528A329612A1F2BDC2B992C552D19
:2067E000112ECC2E872F4130FB30B5316E322633DF3396344D350436BA366F372438D93894
:206800008C39403AF23AA53B563C073DB83D683E173FC53F73402141CE417A422543D04307
:206820007A442445CD4575461C47C34769480F49B449584AFB4A9D4B3F4CE04C814D204E2F
:20684000BF4E5D4FFB4F97503351CE51685202539B533254C9546055F5558A561D57B057B1
:206860004258D3586459F359825A0F5B9C5B285CB35C3E5DC75D4F5ED75E5D5FE35F686013
:20688000EB606E61F0617162F1627063EE636C64E8646365DD655666CF664667BC673268C2
:2068A000A66819698B69FD696D6ADC6A4A6BB76B236C8E6CF86C616DC96D306E966EFB6EFE
:2068C0005E6FC16F22708370E27040719D71F9715472AE7207735E73B5730A745F74B274EB
:2068E00004755575A575F37541768D76D87622776B77B377FA773F788478C77809794A797E
:206900008979C879057A417A7C7AB67AEE7A267B5C7B917BC57BF87B297C597C887CB67C85
:20692000E37C0E7D397D627D897DB07DD57DFA7D1D7E3E7E5F7E7E7E9C7EB97ED57EEF7E9B
:20694000097F217F377F4D7F617F747F867F977FA67FB47FC17FCD7FD87FE17FE97FF07F2D
:20696000F57FF97FFD7FFE7FFF7FFE7FFD7FF97FF57FF07FE97FE17FD87FCD7FC17FB47F82
:20698000A67F977F867F747F617F4D7F377F217F097FEF7ED57EB97E9C7E7E7E5F7E3E7E94
:2069A0001D7EFA7DD57DB07D897D627D397D0E7DE37CB67C887C597C297CF87BC57B917B52
:2069C0005C7B267BEE7AB67A7C7A417A057AC87989794A790979C77884783F78FA77B37762
:2069E0006B772277D8768D764176F375A57555750475B2745F740A74B5735E730773AE7245
:206A00005472F9719D714071E27083702270C16F5E6FFB6E966E306EC96D616DF86C8E6C46
:206A2000236CB76B4A6BDC6A6D6AFD698B691969A6683268BC674667CF665666DD65636584
:206A4000E8646C64EE637063F1627162F0616E61EB606860E35F5D5FD75E4F5EC75D3E5DFE
:206A6000B35C285C9C5B0F5B825AF3596459D3584258B0571D578A56F5556055C95432547B
:206A80009B5302536852CE5133519750FB4F5D4FBF4E204E814DE04C3F4C9D4BFB4A584AAA
:206AA000B4490F496948C3471C477546CD4524457A44D04325437A42CE4121417340C53F10
:206AC000173F683EB83D073D563CA53BF23A403A8C39D93824386F37BA3604364D3596341B
:206AE000DF3326336E32B531FB304130872FCC2E112E552D992CDC2B1F2B612AA329E5281E
:206B000026286727A826E82528256724A623E522232261219F20DD1F1A1F571E931DCF1C4B
:206B20000B1C471B821ABE19F91833186E17A816E2151C1555148F13C81201123A117210CD
:206B4000AB0FE30E1C0E540D8C0CC40BFB0A330A6A09A208D907110748067F05B604ED03C5
:206B600024035B029201C900000037FF6EFEA5FDDCFC13FC4AFB81FAB8F9EFF827F85EF73E
:206B800096F6CDF505F53CF474F3ACF2E4F11DF155F08EEFC6EEFFED38ED71ECABEBE4EA4D
:206BA0001EEA58E992E8CDE707E742E67EE5B9E4F5E331E36DE2A9E1E6E023E061DF9FDEFD
:206BC000DDDD1BDD5ADC99DBD8DA18DA58D999D8DAD71BD75DD69FD5E1D424D467D3ABD265
:206BE000EFD134D179D0BFCF05CF4BCE92CDDACC21CC6ACBB3CAFCC946C991C8DCC727C7AA
:206C000074C6C0C50EC55BC4AAC3F9C248C298C1E9C03BC08DBFDFBE32BE86BDDBBC30BCF5
:206C200086BBDCBA33BA8BB9E4B83DB897B7F1B64CB6A8B505B563B4C1B320B37FB2E0B18D
:206C400041B1A3B005B069AFCDAE32AE98ADFEAC65ACCEAB37ABA0AA0BAA76A9E3A850A8CB
:206C6000BEA72DA79CA60DA67EA5F1A464A4D8A34DA3C2A239A2B1A129A1A3A01DA0989F29
:206C8000159F929E109E8F9D0F9D909C129C949B189B9D9A239AAA993199BA984498CE973A
:206CA0005A97E7967596039693952495B6944994DD93729308939F923792D0916A910591BE
:206CC000A2903F90DE8F7D8F1E8FC08E638E078EAC8D528DF98CA28C4B8CF68BA18B4E8B91
:206CE000FC8AAB8A5B8A0D8ABF8973892889DE8895884D880688C1877C873987F786B686BE
:206D000077863886FB85BF8584854A851285DA84A4846F843B840884D783A78378834A8375
:206D20001D83F282C7829E82778250822B820682E381C281A1818281648147812B8111811F
:206D4000F780DF80C980B3809F808C807A8069805A804C803F80338028801F80178010804D
:206D60000B8007800380028001800280038007800B80108017801F80288033803F804C80B8
:206D80005A8069807A808C809F80B380C980DF80F78011812B81478164818281A181C28166
:206DA000E38106822B82508277829E82C782F2821D834A837883A783D78308843B846F8468
:206DC000A484DA8412854A858485BF85FB8538867786B686F78639877C87C18706884D8818
:206DE0009588DE8828897389BF890D8A5B8AAB8AFC8A4E8BA18BF68B4B8CA28CF98C528DF5
:206E0000AC8D078E638EC08E1E8F7D8FDE8F3F90A29005916A91D09137929F9208937293B2
:206E2000DD934994B6942495939503967596E7965A97CE974498BA983199AA99239A9D9A34
:206E4000189B949B129C909C0F9D8F9D109E929E159F989F1DA0A3A029A1B1A139A2C2A27A
:206E60004DA3D8A364A4F1A47EA50DA69CA62DA7BEA750A8E3A876A90BAAA0AA37ABCEABBD
:206E800065ACFEAC98AD32AECDAE69AF05B0A3B041B1E0B17FB220B3C1B363B405B5A8B54E
:206EA0004CB6F1B697B73DB8E4B88BB933BADCBA86BB30BCDBBC86BD32BEDFBE8DBF3BC0A8
:206EC000E9C098C148C2F9C2AAC35BC40EC5C0C574C627C7DCC791C846C9FCC9B3CA6ACB5D
:206EE00021CCDACC92CD4BCE05CFBFCF79D034D1EFD1ABD267D324D4E1D49FD55DD61BD71A
:206F0000DAD799D858D918DAD8DA99DB5ADC1BDDDDDD9FDE61DF23E0E6E0A9E16DE231E3AB
:206F2000F5E3B9E47EE542E607E7CDE792E858E91EEAE4EAABEB71EC38EDFFEDC6EE8EEFE9
:206F400055F01DF1E4F1ACF274F33CF405F5CDF596F65EF727F8EFF8B8F981FA4AFB13FCB1
:206F6000DCFCA5FD6EFE37FF0000C90092015B022403ED03B6047F0548061107D907A208F7
:206F80006A09330AFB0AC40B8C0C540D1C0EE30EAB0F72103A110112C8128F1355141C15A9
:206FA000E215A8166E173318F918BE19821A471B0B1CCF1C931D571E1A1FDD1F9F206121B9
:206FC0002322E522A62367242825E825A82667272628E528A329612A1F2BDC2B992C552D11
:206FE000112ECC2E872F4130FB30B5316E322633DF3396344D350436BA366F372438D9388C
:207000008C39403AF23AA53B563C073DB83D683E173FC53F73402141CE417A422543D043FF
:207020007A442445CD4575461C47C34769480F49B449584AFB4A9D4B3F4CE04C814D204E27
:20704000BF4E5D4FFB4F97503351CE51685202539B533254C9546055F5558A561D57B057A9
:207060004258D3586459F359825A0F5B9C5B285CB35C3E5DC75D4F5ED75E5D5FE35F68600B
:20708000EB606E61F0617162F1627063EE636C64E8646365DD655666CF664667BC673268BA
:2070A000A66819698B69FD696D6ADC6A4A6BB76B236C8E6CF86C616DC96D306E966EFB6EF6
:2070C0005E6FC16F22708370E27040719D71F9715472AE7207735E73B5730A745F74B274E3
:2070E00004755575A575F37541768D76D87622776B77B377FA773F788478C77809794A7976
:207100008979C879057A417A7C7AB67AEE7A267B5C7B917BC57BF87B297C597C887CB67C7D
:20712000E37C0E7D397D627D897DB07DD57DFA7D1D7E3E7E5F7E7E7E9C7EB97ED57EEF7E93
:20714000097F217F377F4D7F617F747F867F977FA67FB47FC17FCD7FD87FE17FE97FF07F25
:20716000F57FF97FFD7FFE7F81018A0193019C01A501AE01B801C201CC01D701E201ED01A5
:20718000F801040210021C0228023502420250025E026C027A0289029902A802B802C9022A
:2071A000DA02EB02FD020F032103340348035C03700385039A03B0034CE5F60FA03A4A65E6
:2071C000F48F9EBA0404040404040605040404040D0E0F08170A1DB00916181980807F7E34
:2071E0007D7C7B7A7978777676757473727171706F6E6E6D6C6C6B6A6A696868676666658D
:207200006464636362616160605F5F5E5E5D5D5C5C5B5B5A5A5959585857575656555555EB
:207220005454535352525251515050504F4F4F4E4E4D4D4D4C4C4C4B4B4B4A4A4A4949498A
:207240004848484747474746464645454544444444434343434242424241414181828384A8
:2072600085868788898B8C8D8E8F919293959697999A9C9D9FA0A2A3A5A7A8AAACAEB0B2E8
:20728000B3B5B7B9BCBEC0C2C5C7C9CCCED1D4D7D9DCDFE2E6E9ECF0F3F7FAFE00000000AC
:2072A000000000000000F03F000000000000F83F00000000000000000000004003B8E23F4C
:2072C000000000000000000006D0CF43EBFD4C3E033333333333E33FFFAB6FDBB66DDB3FFF
:2072E0004D268F515555D53F01411DA96074D13F65DBC9934A86CD3FEF4E454A287ECA3F9E
:207300003E5555555555C53F93BDBE166CC166BF2CDE25AF6A56113FF16BD2C541BDBBBEB4
:20732000D0A4BE726937663E000000000000000064730010000000203C240000701000106E
:20734000A09700103C24002004040000DA5700101C98001040280020D00900008C1000104C
:20736000000000002F48FEE72F48FEE72F48FEE72F4800472F48FEE72F48FEE72F48FEE727
:207380002F48FEE72F48FEE72F48FEE72F48FEE72F4800472F48FEE72F48FEE72F48004749
:2073A0002F4800472F4800472F4800472F4800472F4800472F4800472F4800472F480047DD
:2073C0002F4800472F48FEE72F4800472F4800472F4800472F4800472F4800472F4800471F
:2073E0002F4800472F4800472F4800472F4800472F4800472F4800472F4800472F4800479D
:207400002F4800472F4800472F4800472F4800472F4800472F480047204800472E4800478C
:207420002E480047000000000100000002000000B158001004000000050000000600000064
:207440000700000008000000090000000A0000007D3A00100C0000000D0000007F3A001061
:207460009F2A00101558001077580010833A0010093C0010013C0010F93B0010833A001057
:20748000833A001018000000F9100020833A0010833A0010833A0010833A0010833A0010DD
:2074A000833A0010833A0010833A0010833A0010ED100020833A0010270F0020B110002077
:2074C00007140020833A0010DF080020CF10002017100020833A0010833A0010833A0010F0
:2074E00010B500F093F800F005F93F4800218181018201864186C183018410BDF8B501F0AF
:207500000AFD394C394DA08A8109394A4800105E6880FF310131A98001239B02994201D389
:20752000C91AA980A9884900515E29802C232E22E35EA25E1E4617464E434743F619F71398
:20754000E7824A434343D01AC0132083294EE08930807780304600F096F8F08CE083264E81
:20756000208A3080208B7080304600F08CF82621715E218421480068800007D52220305E74
:207580001F4A904209DD401E708406E02220305E1C4A904201DA401C7084708C4042B084AD
:2075A0001E220026A25EAE5F0223EB5E10460D4670435D43401B401300B220865A43714397
:2075C0005118491309B261860F4D0022AA5E052300F09BF8E88DA087288EE0870248698E19
:2075E00040300180F8BD000040280020AC24002068670010AC280020D428002090260020A8
:20760000B80B0000FF0F00002429002010B530490020886048612F4A13884B832E4A128849
:207620008A830884C8832D4C4C8464428C842831886048614B838A830884C883220D4A84CE
:2076400052428A84503988604861C884244A12884A83244A12888A830884C883224A12885B
:207660004A848884783188604861C8841F4A12884A831F4A12888A830884C8837D22120240
:207680004A84888410BD01884288891A0AB282801A21415E51430913C1601C23C35E5343EE
:2076A0001A134369D2184261521882602223C35E9A4203DDC384591A416170472423C35E7B
:2076C0009A4203DAC384591A41617047C2847047AC280020D4250020D6250020FF070000B3
:2076E000D0250020D2250020FA250020982600209A260020664867490088401C00B20880E5
:207700004010C885088648867047F0B5614C624B58438B030014DB13C51A2DB2C018404277
:2077200006B25E480068414389130BB223854543A9130DB26585AC464643B01306B2A685F0
:2077400018465043801300B2A083314651438913494209B2E1835543AD136D422DB22584F0
:207760000027002B02DD0123638400E067846346002B02DD0223A38400E0A784002E02DDEB
:207780000423E38400E0E784238BE382638CA68C9B19E68C9B191EB22683330001F0F3FF73
:2077A000071D05080C1014181D00E580218116E0E1804042208112E06942E18020810EE025
:2077C0004042E08025810AE0E0804842208106E04842E0806842208101E0E780278106217A
:2077E000615E2089081803B2638101252C486D07934217DD07682F4307602A4895030562D8
:207800004362436B01252B434363036BDB07FCD1806A00B2A08148438013E080101A2081B8
:20782000628105E001218903A1810168A943016062822189501A00B22082E388D31A591AE3
:2078400009B2E181330001F09EFF071D05090D1115191D00E08521866286F0BDE185228600
:207860006086F0BDE18520866286F0BDE28520866186F0BDE28521866086F0BDE085228685
:207880006186F0BD5010E08520866086F0BD0000942A002024290020B2DD0000E426002052
:2078A00090260020000003402D48C02141622D490A6983151A430A61C32141622A48416BC8
:2078C0000222114341637047274A10625162506B052108435063106BC007FCD1906A80B225
:2078E0007047214A10625162506B042188435063506B012108435063106BC007FCD1906AFF
:2079000000B2704730B5184C622540346560002525610902E1600002A0602068C007FCD1E0
:2079200060691249000A4843C00B1060E069000C188030BD02460A430FD00B4A62234032B9
:207940005360002313610902D160000290601068C007FCD1D069000C7047002070470000D0
:20796000000001400003014000000340759B0000FFB5784B00261E80774DAE81EE812E82E2
:207980006E82009601960296039601E0401ED860D8680128FAD8714F64E00168C907FCD0DE
:2079A0006F4801684908490001606E48C168029A0905090C891802916B49CA68019C120540
:2079C000120C121901920069009A0005000C80180090486803990005000C401803901888A7
:2079E000401C80B2188080283CD31E8002984002000CA88101994902090CE981009A5202A9
:207A0000120C2A82039A5202120C6A820096019602960396554A1288022A00D12F82544ABE
:207A20000024145F3A1B904219DDE419A4B2A04215D2914213DDA14211D2288A90420EDD7E
:207A4000A0420CD246480168022211430160494891040160BFF34F8FBFF36F8F02E0AE81BE
:207A6000EE812E823E480168890796D5FFBD7FE7F0B53B4800683C4B374F00034DD53B4896
:207A80000025455F384684893649C0893A4A022D02D0032D35D10BE0C9680901611A1180DD
:207AA000DC682401001B508008184042908028E0CD682D01641B1480DC682401001B04B208
:207AC0005480388A09690901401A00B290802B4E0021715E8D10491B0A25755FA94210DA36
:207AE0001821715E022901D0032902D1241864421480012901D0052903D1118808184042D5
:207B000050800020105E90851D491E4C48430221515E614340188013D08558680D490005C6
:207B2000000C88807A8A0023824202D2801A888000E08B808A888868801888604A88521C23
:207B400092B24A80082A04D34B800F4AC01010808B60F0BDF824002058290020FF7F000097
:207B600090260020000B034800070348CC250020DE25002080E100E040280020242900201D
:207B8000F3240000E74900008425002070B5144BDA63134B40335A60124AD163114A40322C
:207BA00051601149C863104940314860980501690E4A114301610E48832606610422026119
:207BC00001230361062404610725056105210161084806610261036104610561016170BD9C
:207BE00000010050000200500003005011110000000903480005034810B5F8480021415E04
:207C000000291DDDF6480168890719D50168C90616D50168490313D4F249497900290FD157
:207C2000416889070CD40068400709D4EE48EF490088884204D901F057FDED49002088736C
:207C400010BDF8B5EB48006A80077DD5E44F3868E94C400725464035E54E002875DAFFF765
:207C600007FF01F0EEF8E5490020085EE44900228A5EE4495043C0130881308A401C00B258
:207C8000308210281DDB00203082B08C7D21C900884201D2401CB084DB48F18A0180718B45
:207CA0004180FFF7F0FCD8492620085E308341004010081800B2F085D4490968884200DD94
:207CC000F185D3489B210088C900411AD14AD248914205D27968490302D40178002919D13D
:207CE0000078062802D37968C90213D5CB490979AA2904D17968C90201D403280AD2C8489F
:207D00002E21715E0068814204D9C6490978490700D4F085C4482E21715E0068814200D9E6
:207D2000F085C2482C21715E0088814229DA10202E27205EF75FB84223DAB44A12689042C0
:207D40001FDABB4B1B6801E069E04BE0994218D2B84B1B68994214D2B74B1B88994210DAD6
:207D6000391AC9B271731F2903D949094018208201E0401C20821020205E904218DD2282E9
:207D800016E010202E21205E715E884201DD421A7273727B032A07D9884205DD910888422F
:207DA00002DB401A208203E0002801DD401E2082FFF7A4FB00223E213C20AA5E615E205E4A
:207DC000FFF7E4FE85489D490088002803D091483D3808801AE00020085E002816DD401EC6
:207DE000088013E00020F073FFF706FF7E497D220888D201904201D2401C088000223E21B7
:207E00003C20AA5E615E205EFFF7C0FE0120B16DC00308607748016B022211430163F8BDE7
:207E2000734940318889C82806D96D48416801221205914341607047401C88817047F0B5B0
:207E400078486B4904788048E5077D4B00227D4E00884031002D08D064076CD47B4F3C8892
:207E6000A0422AD9041B1C802DE03588784FBD4201D26D1C358035885F273F01BD4200D26D
:207E80001A80744FEF190F2F03D81C8824181C8010E06F4FBD420DD11B886C4D1B092B8032
:207EA0006D4D2B800A2B03D95E4D01273C432C704B82CA810A804A803DE0A04202D2241AE1
:207EC0001C8000E01A80644C644D2488A04202D9041B2C8005E0A04202D2241A2C8000E092
:207EE0002A805D4C20801B88093B472B0AD22B88082B07D23A4B5B681B0503D40B885B1C52
:207F00000B8000E00A800B88554CA34201D938800A803B8898420DD21B1A502B0ADD4B8851
:207F2000642B01D25B1C4B804B88642B03D338804A8000E04A8031885F221201914201D93F
:207F4000F52807D3434A8918102908D244498539884204D933480422017811430170F0BD6B
:207F6000F0B5304C002620783E4BC107204D002933D0410731D434490A88344909880F4679
:207F8000A337BA420AD8164F7F683F0525D5070704D42F4640373F8A1E2F1ED91E4F3F789C
:207FA000002F1AD005278A4205D9511A8A10C9105118198000E01F80698F1A88914202D92B
:207FC0008B1AAB8703E0914201D2531AAB87AB8F072B49D9DB08AB874AE07DE02E25002005
:207FE00090260020002B0020E025002070170000582500208001005040280020E625002093
:208000000C280020B82A0020842800208C260020282500203909000006270020F02600203A
:20802000182700203C270020342700201E2700202427002038270020FC260020A426002068
:208040000E27002014270020102700200C270020010600000FFAFFFF082700200A27002018
:20806000B80B00001C270020002B01D00123AB87914203D2AA8F8918698709E0914207D97A
:20808000AA8F032A01D99208AA87AA8F891A6987698FFE4A914201D96A8702E0052900D249
:2080A0006F87698FFA4BFB4A127851431960FA4A1268914201D91A6004E0FF222D32914295
:2080C00000D21A60082108432070688AF349884201D3EE876E82F0BDED490E606E871E803B
:2080E000F72108402070EE876E82F0BDF8B5EC4B586A202108400122EA4D0021002801D0DB
:208100006A7100E06971586A01235B031840002801D0AA7100E0A971EE79E2486F79012482
:20812000E14BE4024030B4460097BE420FD1AE8A7D27FF00BE4202D2761CAE8207E08180F3
:208140006A72A9725E68A6435E60018141816646002E31D1009E002E2ED0EA7229736E7AF1
:20816000002E03D0A9728180A9822EE0C6888788B446B74219D96646002E16D0AE7A022E4F
:2081800002D2761CAE72EEE70689002E01D0468102E0BE4E173E46816646BE19068181801A
:2081A000C1805E6826435E60DDE7A9725E68A6435E6001814181D6E72E7A002E05D1AE7971
:2081C000002E02D02A73E972C180009EEE71AE792E722E7BB54F012E25D0EE7A012E35D035
:2081E000A9726A725E68A6435E608180018141818688C788F6194789BC467F00BE420CD934
:208200000689052E09D96646002E06D06A72A9725A68A2435A6001814181C2893C2A28D0C5
:20822000521CC281F8BDC688761CB6B2C680BE420AD96A725E68A6435E60A972934E173ECD
:20824000C68001814181D3E76972D1E78688761CB6B28680BE420AD9A9726A725E68A643B0
:208260005E608A4E173E868001814181C0E76972BEE78F4A438A12889A4202D9D31A038239
:2082800000E001824282C181F8BDF8B5894E306AC00571D587484038406B824C6085824D23
:2082A0002868400763D500F097FD686801070020002951DA6968804BC906102700293FDBFA
:2082C000A18CFF229132914251D91621615EE122920091424BDD1A22A25E192149018A427E
:2082E0002BDD08229A5E8A4227DD618C0A293ED90A2161847149724A09881288891A714A3E
:2083000009B21180704A714B8A189A420CD2E18C491C89B2E184022929D9E084A084608434
:2083200068683843686022E0584A173A89185B4A521C91421BD3E08419E06084E08416E025
:208340000821595E4B22D200914210DA6968B94369606084A0840AE01A21615EFF222D323F
:20836000914204DD6968082211436960A084306BFF21013108433063F8BDF8B5544D286BAC
:20838000484CC0070027484E00281ED0E08B002801D0401EE0833068400712D54D4908889E
:2083A000401C80B20880062800D30F8008884A494000085A464940394863A8680221084321
:2083C000A860E86B05210843E863286B800720D53068400719D501F08DF9208501F090F914
:2083E000208DC0B201F092F93C494018344908803B4908802784A783A78470680821884328
:2084000070607068102188437060E86B06210843E863F8BD2748016AC90709D0224A1168BB
:2084200001239B0219431160016B012211430163704710B52B48006A0005800F07D01A4841
:208440000168012292061143016001F065F910BD154801680122114301607047F0B52248C3
:20846000C16B0224A143C1631F48403081680125490405260023002945DAC16862031143F7
:20848000C1604069C1B2194A506831E0CF0B000018270020F92600208C26002070170000A2
:2084A000000004405825002090260020DC0500001227002080020448B82A0020AA2600200B
:2084C000A8260020B0260020CF0700009F0F000040000150F4240020DC24002055150000E1
:2084E000AE2600208001005000020048F0260020070E000E002F34D0062837D0115450688F
:20850000000E401CD071F748816849047ED5C16802021143C1604069C0B2F34AF349177823
:20852000002F74D0012F73D0F14C042F71D02478A7426FD1C855C878EE4C0D286BD00E28A2
:208540006AD00F2869D0082868D0172867D00A2806D0092873D0E84C1D2871D0B02870D045
:20856000AEE05929CFD11154D571CCE71154D37100200021175C7918C9B2401CC0B2062888
:20858000F8D3506807023F0E8F42BCD11168DB4ACF0401D5137016E00F0401D5157012E084
:2085A0004F0401D514700EE08F0502D50327177009E04F0502D50427177004E00F0501D570
:2085C000167000E016708F0401D506271770CA05CB4FD20F3A70CB4A090E1278914201D0C4
:2085E000052907D8C84F02043F78120EBA4207D00A2A05D9C34A11700004010EC248017079
:20860000BB4840308381C148416809E011E00CE010E017E058E01AE01CE01EE023E02CE049
:2086200001221205914341606DE7472801D108701570F0BD1628FCD148701470F0BD22E056
:2086400027E033E00871401D20701670F6E74879A07235E04879E07232E088794979000265
:208660004018A0812CE048790A214843E081E068A749000C4018E08122E0887949790002D9
:20868000401820821CE08879497900024018A08216E04879207088796070C879A070087ABA
:2086A000E070487A2071887A607109E04879A0718879E071C8792072087A6072487AA0723C
:2086C000137094480380B9E7C8550E2FB6D27F1C1770B3E790497D220888D20090420BD2F1
:2086E000834A7D23128F5B019A4205D9874A1268520701D5401C0880704770B5874D884977
:2087000028780124831F0988804AA4049A2B0ED2844B994202D953682343536053689B0794
:208720000CD553680126B6053343536006E06923DB00994202D25368A3435360C82801D27F
:20874000401C2870794B784D1878A94208D9642803D950682043506070BD401C187070BDCF
:208760000028FCD0401E187070BD7148016AC90703D0016B012211430163704770476D48C1
:208780005C4A0088C108D1706B490988884205D9401A0F2802DD0011907501E00020907528
:2087A0005348818D89111171018F192301205B018004994203D355490968490703D51168C6
:2087C0000143116070471168814311607047F8B54B48102102785948002A03D0202242605B
:2087E00041600BE0012252054260484A5268920701D5416002E0012109054160504E42489A
:20880000504A404B3178057810781C78A94201D1A0421CD0AB1F5E2B19D2A31F1D2B16D236
:20882000844201D18D4212D03E492046F6394843294600F077FF2E4F80B238861921484341
:20884000162100F06FFF78863E4804703570F8BDF8B533483C4900882D4E451824483B4F2E
:20886000018E438E4030828A8C460024343E591A981A3C5FB5421BD2204D2D78062D17D0E4
:208880004B26F600624502D2314806600DE0314D9A422D8807D22E4F684300F043FF281AA6
:2088A0008019386001E02A4805602B48046014E0624503D22848002101600AE09A4206D2F8
:2088C000254D604300F02EFF201A286001E022480460224801681E48016021482149008800
:2088E0000880F8BD40000048C4250020222B002058250020002B0020F42A002006270020CA
:20890000C0250020042700200527002090260020AB0A0000C6250020C82500202F270020A2
:208920002825002033030000660E00002E27002080030448102700200C27002000010440ED
:20894000032700200227002027FBFFFFFA25002034270020FE260020382700208C26002015
:20896000E2250020002700203648C18A828A91420BD98B1A102B02DD1B119A188282828A50
:20898000914201D9521C828270479142FCD2531A102B02DD1B11D21A8282828A9142F3D219
:2089A000521E8282704770B52748416A10200140244C01200025403C002901D0607000E000
:2089C0006570A178002915D06178002917D1E0702571A08E072803D9E18E401840002087E4
:2089E0001A480580FFF734FF208F80082087A586E58604E06178002901D0E570207160787E
:208A0000A070E0781249012806D1E08E401C80B2E086884200D921872079012808D1A08E1D
:208A2000401C80B2A0867D221201904200D921870849208F8871020ACA7102498000C88228
:208A400070BD00009825002000000440C825002004100000002B0020C348002181840162C8
:208A6000C160016181618183C0488068C0490002000C884200D0FEE770470321490301805F
:208A80000521C9014180BB498180CD21C180BA49C160494201617047F0B4B8484068B849DC
:208AA0000001498A0027401AB64900B28880B649B74ACF5F00250426B44C555FB549062F44
:208AC0000BD23B007B441B79DB189F4402080E141A210880002310802380F0BC70474880E5
:208AE000A842FADD1080012017E08880A842F4DD1080022011E0C880A842EEDD10800320F7
:208B00000BE00881A842E8DD10802680F0BC70474881A842FADD108005202080F0BC704757
:208B2000F8B599480027C75F9B480026865F0225714209B20091455F0424045F9449604298
:208B40006B4200B2002284468A5E1BB291489E46062F12D23B007B441B79DB189F44020ECB
:208B60001D2C3B4A0022002E01DD068001E0009B03800088088085480280F8BD002D01DD55
:208B8000458001E0734643800223C35E9342F4DD0B807E4801210180F8BD002C01DD848010
:208BA00001E0634683800423C35E9342F4DD0B80764902200880F8BD002E01DDC68001E05E
:208BC000009BC3800623C35E9342F4DD0B806F4803210180F8BD002D01DD058101E0734600
:208BE00003810823C35E9342F4DD0B80674904200880F8BD002C01DD448101E06346438146
:208C00000A23C35E9342F4DD0B80604805210180F8BDF0B58C4661495A4C0A880226521CE2
:208C200015B20D80A65FB54202DC0020208000E0208055480021415E5948574A0088174642
:208C400040374008072931D20B007B441B79DB189F4403080F151B2229002188431893873B
:208C6000401A10E02488031B93870019D0873B801CE02488031B9387D387001911E02188AE
:208C8000431A93874018D0870BE0248803199387001BD0873B8009E0248803199387D3878F
:208CA000001B388002E09087D0873880604631183A48A94211DC002404803A4800880128B5
:208CC00002D0FFF72DFF01E0FFF7E6FE2E480021415E062902DA491C0180F0BD2B4800227C
:208CE000825E0121C9033048062A13D213007B441B79DB189F44020406080A0C018009E049
:208D00002A4A06E02A4A04E0048003E0294A00E0294A02800088294A8018294A10802948EB
:208D2000046029480480104884840462C4600461846184830D4880680D4A0002000C90422B
:208D400000D0FEE72148026801235B039A43026002685B001A43026002688A4302601C4849
:208D600004601C480480F0BD342B002000000140C0F10000EB510000FF7F0000000B034879
:208D8000582900200E280020C8260020CC260020CA260020842A002040280020C62600204A
:208DA000942A0020CC250020B82A002055D50000AB2A000055550000ABAA000055D5FFFF9C
:208DC000C0260020BC260020CE26002090260020D4260020B826002070B568480022028010
:208DE00067480280684B674C18886849258846008D53401C80B21880052800D91A80088862
:208E00004A88CB8880188A88D21880180A894989801841185E48016001255E486D06056000
:208E20005D480068FEF750FD5C4908805D495C4808602188FEF748FD5B4908805B480560ED
:208E400070BDF8B54D485A4E0088544D594F4C4B594C002811D07868000735D552491888B9
:208E60000988564A401880B21080554A904227D2188020884018208026E00020188000F057
:208E800039FC5049088000F041FC20800021695E4D4A914203DD4D49401820800DE07D2263
:208EA0001201914203DD4A494018208005E07D23DB00994201DD801820802088308003E0D5
:208EC0001A803088801820802C4A1088401C81B21180404B0020185E814219DD108000264A
:208EE0002E8000F007FC374D288000F009FC287800F00CFC384940182080786810218843C3
:208F00007860364806802048068027480121018000F070F8F8BD30B4264B5868304CC2060F
:208F20002548018826D51022A25EFF202D30824200DA20822B482C4A05880020105E2D1A07
:208F4000A582002802DD401E108003E0002801DA401C108009480088322809D9586810221C
:208F600090435860214A00201080214A1080A18230BC7047A18230BC704700007825002007
:208F80007425002082250020BA2500206C2A0020A026002080E100E07C26002072250020FC
:208FA000EEAA000080260020B625002000E100E0AE26002090260020A82600201428002083
:208FC000AB2A000080250020B80B000088130000AC0D0000DC25002055150000BC25002054
:208FE00040280020AA260020B02600207A2500207C250020FE49086880047DD4F8B5FD4A03
:209000000C20105EFC4C3022A25E4243921313B223863222A25E50438013608608680003B1
:2090200014D4F64E1622002718200225A25EF75F205E755F1146064679436E43891BC9130E
:209040006A4378431018A185C013E0852C20205EEB4945100888DA036843131AE9480C222B
:2090600003608A5E4E88724342609A1AD21382608B885A43C2608B689A18D3138A608382B1
:20908000CB886B43D21AD2138A81A2862E22A25E32215310DC4A615E1588C9035D434D1B6F
:2090A00005600C21515E568871434160691AC913816095886943C16095686918CD139160C3
:2090C0008582D0885843081AC01301B29181E1863420205E00F093FACC4D00232988CD4A22
:2090E000411ACB48C35EC91A1180CB4962224A6000220A61C94A00E056E00826965F32021E
:209100008A60C74E1C27F75F3A02CA600A68D207FCD1C9690122091471819203511A89B29A
:2091200052102980914200D92A80BE49BE4D096818224F43F9130161A25E2D686A43D213EA
:2091400051434261C16082685500521951188A101E218260615EB54C4942246861438913D2
:20916000B34C8161246861438900C161046A65006419611889100162891A49124162402964
:2091800001DD5B1E04E03F22D243914201DA5B1C03800021415E4B225201914202DCA54A56
:2091A000914200DA0280F8BD70479B4906224A6000220A61421ECA60401C88600868C007CC
:2091C000FCD14869FF2180B236314843800A704770B58F4D00262E8000F0AAFA964CA0831E
:2091E00000F0ACFAE08300F0AFFA2084A38BE18B5A1A091A09B2C01A12B262840B46A18453
:2092000000B20F33E0841F2B07D26B887D267602B34203D25B1C6B8000E06E80101A00B2EF
:20922000891A20858200854B09B261855843844B12B259434018E285001300B2208652436A
:209240004043101860637F49A06B00F083FA0E460546AD210901606B00F07CFA2A463546CD
:2092600010184D416904C00B0843774DA063774E2888308030212E20615E205E00F0BFF945
:209280006449734A088001218903401A28803188411A11806F490988401A6F49088070BD77
:2092A000F8B565486D4A416B6D48002680244027865F6C4D914205D355497D2249881202A0
:2092C00091423FD301206849C0024860FF3667480136864201D3FFF7BFFB454801682143AC
:2092E00001600168B9430160016820229143016001681202114301600268012189038A4350
:209300000260026849008A4302600268C9008A430260574881688907FCD5364900240C818E
:209320005448CC800088344A40089087C881D087088228804882FEF75FFC4F4804804F4842
:2093400004801EE12A4A1168A14311604C48444C00230068E35E4B495843C01304B2088810
:20936000234A401E83B23948002E0188364800883CDA16683E43166016682027BE431660E8
:2093800016687F03BE431660374EFA1172603E4A00265660966804273E4396603B4A914298
:2093A00001D2904203D2904221D291421FD3384801210480174889030088364A401A1080A6
:2093C0000B4804684A109443046002680A430260026849008A430260026889118A4302600B
:2093E0002D48254903800020088057E059E0BEE0902600202429002040280020AC24002096
:209400008C2B0020702B00209C2B0020D026002018280020AA260020400003405C2B002043
:20942000342B00200828002004280020EC2600200028002000FCFFFFB82A0020F324000084
:20944000E749000030750000AC260020A82600201A250020D8260020C4260020204E000062
:209460000C28002080280020000004400102000000010050942A0020A6260020B226002076
:2094800088260020B626002040000150FF7F0000B8260020C0260020CE260020FEF7ACFB3F
:2094A00065E01268BA437C4F3A603A46126820273A43794F3A603A4612680127BF04BA4389
:2094C000754F3A60754A0027D75FBE4228DD744A914201D2904203D2904248D2914246D32A
:2094E0006D4801680122520391430160016852009143016002680121C9030A430260016841
:20950000012252021143016066490020888166490880FEF771FBFF2164489131018026E09A
:20952000634A10805E4A914201D2904203D290421DD291421BD35F48048057480168012221
:209540005203914301600268012189030A430260026849008A430260026889118A430260A5
:2095600055485249038000200880FEF745FB53480021415E52480022825E5143C813514953
:20958000088050490020085E4F4904228A5E454C5043001303B2238400224C48E283008848
:2095A0004C4E80094700F65F4949FF30013001274E80BF028880B84201D3C01B8880000486
:2095C000C70B4448C75F0F801046194671437843401A72437B43D118401300B24913208697
:2095E00009B23D4E61860022B25E0723FEF78DF8F08DA087308EE087708E2880F8BD30B460
:20960000364A374C11805080938C9B092380314C5D00635F2D199380012464022C5F5843DA
:20962000614349104010081A8013D48000B22D4910810023CB5E4343D36015699B132C12AC
:209640001B195361CC68A34202DC0C69A34201DA948306E093830223CB5E5843C0114019D0
:2096600010611C230420D35E085E146A58434012001910620002000C114C90840025655F21
:209680005B1B06254D5F6B4399119369C91891610912218030BC704790260020C226002019
:2096A000FF7F000040280020B0260020A6260020C0260020B8260020CE260020E82500207D
:2096C0000C280020B226002018280020AC260020AC2400206867001024290020342B002031
:2096E000DA2600205C2B002003B40148019001BD8524001003B40148019001BDE326001033
:2097000003B40148019001BD3F26001003B40148019001BDED26001003B40148019001BDC4
:209720001325001003B40148019001BDDB44001003B40148019001BD5124001003B401488F
:20974000019001BD5B24001003B40148019001BD65240010F0B4040C8BB2264682B25E4311
:209760000D0C1046370C5843360480190021794116466E43370C36048019794126466E43F4
:209780008919F0BC704730B47446641E2578641CAB4200D21D46635D5B00E31830BC184704
:2097A0000179337017E9E0400348E4400348370404040302012FFFFEFDFCFCFCFC1300320B
:2097C0000026002C2E0D0019000B002900250034001602121A2A80841E00AA2AFF01050DE0
:2097E00097030204FFFF020403000106FFF5E440034803FF2C0101994BFA439A99193F0A72
:20980000D7233C363FCDCC4C3F33AF4347A0416F128338029540D23C02230C00FFFFFFFFDE
:20982000FFFFFFFFFFFFFFFFFFFFFFFFFFFFFFFFFFFFFFFFFFFFFFFFFFFFFFFFFFFFFFFF48
:20984000FFFFFFFFFFFFFFFFFFFFFFFFFFFFFFFFFFFFFFFFFFFFFFFFFFFFFFFFFFFFFFFF28
:20986000FFFFFFFFFFFFFFFFFFFFFFFFFFFFFFFFFFFFFFFFFFFFFFFFFFFFFFFFFFFFFFFF08
:20988000FFFFFFFFFFFFFFFFFFFFFFFFFFFFFFFFFFFFFFFFFFFFFFFFFFFFFFFFFFFFFFFFE8
:2098A000FFFFFFFFFFFFFFFFFFFFFFFFFFFFFFFFFFFFFFFFFFFFFFFFFFFFFFFFFFFFFFFFC8
:2098C000FFFFFFFFFFFFFFFFFFFFFFFFFFFFFFFFFFFFFFFFFFFFFFFFFFFFFFFFFFFFFFFFA8
:2098E000FFFFFFFFFFFFFFFFFFFFFFFFFFFFFFFFFFFFFFFFFFFFFFFFFFFFFFFFFFFFFFFF88
:20990000FFFFFFFFFFFFFFFFFFFFFFFFFFFFFFFFFFFFFFFFFFFFFFFFFFFFFFFFFFFFFFFF67
:20992000FFFFFFFFFFFFFFFFFFFFFFFFFFFFFFFFFFFFFFFFFFFFFFFFFFFFFFFFFFFFFFFF47
:20994000FFFFFFFFFFFFFFFFFFFFFFFFFFFFFFFFFFFFFFFFFFFFFFFFFFFFFFFFFFFFFFFF27
:20996000FFFFFFFFFFFFFFFFFFFFFFFFFFFFFFFFFFFFFFFFFFFFFFFFFFFFFFFFFFFFFFFF07
:20998000FFFFFFFFFFFFFFFFFFFFFFFFFFFFFFFFFFFFFFFFFFFFFFFFFFFFFFFFFFFFFFFFE7
:2099A000FFFFFFFFFFFFFFFFFFFFFFFFFFFFFFFFFFFFFFFFFFFFFFFFFFFFFFFFFFFFFFFFC7
:2099C000FFFFFFFFFFFFFFFFFFFFFFFFFFFFFFFFFFFFFFFFFFFFFFFFFFFFFFFFFFFFFFFFA7
:2099E000FFFFFFFFFFFFFFFFFFFFFFFFFFFFFFFFFFFFFFFFFFFFFFFFFFFFFFFFFFFFFFFF87
:209A0000FFFFFFFFFFFFFFFFFFFFFFFFFFFFFFFFFFFFFFFFFFFFFFFFFFFFFFFFFFFFFFFF66
:209A2000FFFFFFFFFFFFFFFFFFFFFFFFFFFFFFFFFFFFFFFFFFFFFFFFFFFFFFFFFFFFFFFF46
:209A4000FFFFFFFFFFFFFFFFFFFFFFFFFFFFFFFFFFFFFFFFFFFFFFFFFFFFFFFFFFFFFFFF26
:209A6000FFFFFFFFFFFFFFFFFFFFFFFFFFFFFFFFFFFFFFFFFFFFFFFFFFFFFFFFFFFFFFFF06
:209A8000FFFFFFFFFFFFFFFFFFFFFFFFFFFFFFFFFFFFFFFFFFFFFFFFFFFFFFFFFFFFFFFFE6
:209AA000FFFFFFFFFFFFFFFFFFFFFFFFFFFFFFFFFFFFFFFFFFFFFFFFFFFFFFFFFFFFFFFFC6
:209AC000FFFFFFFFFFFFFFFFFFFFFFFFFFFFFFFFFFFFFFFFFFFFFFFFFFFFFFFFFFFFFFFFA6
:209AE000FFFFFFFFFFFFFFFFFFFFFFFFFFFFFFFFFFFFFFFFFFFFFFFFFFFFFFFFFFFFFFFF86
:209B0000FFFFFFFFFFFFFFFFFFFFFFFFFFFFFFFFFFFFFFFFFFFFFFFFFFFFFFFFFFFFFFFF65
:209B2000FFFFFFFFFFFFFFFFFFFFFFFFFFFFFFFFFFFFFFFFFFFFFFFFFFFFFFFFFFFFFFFF45
:209B4000FFFFFFFFFFFFFFFFFFFFFFFFFFFFFFFFFFFFFFFFFFFFFFFFFFFFFFFFFFFFFFFF25
:209B6000FFFFFFFFFFFFFFFFFFFFFFFFFFFFFFFFFFFFFFFFFFFFFFFFFFFFFFFFFFFFFFFF05
:209B8000FFFFFFFFFFFFFFFFFFFFFFFFFFFFFFFFFFFFFFFFFFFFFFFFFFFFFFFFFFFFFFFFE5
:209BA000FFFFFFFFFFFFFFFFFFFFFFFFFFFFFFFFFFFFFFFFFFFFFFFFFFFFFFFFFFFFFFFFC5
:209BC000FFFFFFFFFFFFFFFFFFFFFFFFFFFFFFFFFFFFFFFFFFFFFFFFFFFFFFFFFFFFFFFFA5
:209BE000FFFFFFFFFFFFFFFFFFFFFFFFFFFFFFFFFFFFFFFFFFFFFFFFFFFFFFFFFFFFFFFF85
:209C0000FFFFFFFFFFFFFFFFFFFFFFFFFFFFFFFFFFFFFFFFFFFFFFFFFFFFFFFFFFFFFFFF64
:209C2000FFFFFFFFFFFFFFFFFFFFFFFFFFFFFFFFFFFFFFFFFFFFFFFFFFFFFFFFFFFFFFFF44
:209C4000FFFFFFFFFFFFFFFFFFFFFFFFFFFFFFFFFFFFFFFFFFFFFFFFFFFFFFFFFFFFFFFF24
:209C6000FFFFFFFFFFFFFFFFFFFFFFFFFFFFFFFFFFFFFFFFFFFFFFFFFFFFFFFFFFFFFFFF04
:209C8000FFFFFFFFFFFFFFFFFFFFFFFFFFFFFFFFFFFFFFFFFFFFFFFFFFFFFFFFFFFFFFFFE4
:209CA000FFFFFFFFFFFFFFFFFFFFFFFFFFFFFFFFFFFFFFFFFFFFFFFFFFFFFFFFFFFFFFFFC4
:209CC000FFFFFFFFFFFFFFFFFFFFFFFFFFFFFFFFFFFFFFFFFFFFFFFFFFFFFFFFFFFFFFFFA4
:209CE000FFFFFFFFFFFFFFFFFFFFFFFFFFFFFFFFFFFFFFFFFFFFFFFFFFFFFFFFFFFFFFFF84
:209D0000FFFFFFFFFFFFFFFFFFFFFFFFFFFFFFFFFFFFFFFFFFFFFFFFFFFFFFFFFFFFFFFF63
:209D2000FFFFFFFFFFFFFFFFFFFFFFFFFFFFFFFFFFFFFFFFFFFFFFFFFFFFFFFFFFFFFFFF43
:209D4000FFFFFFFFFFFFFFFFFFFFFFFFFFFFFFFFFFFFFFFFFFFFFFFFFFFFFFFFFFFFFFFF23
:209D6000FFFFFFFFFFFFFFFFFFFFFFFFFFFFFFFFFFFFFFFFFFFFFFFFFFFFFFFFFFFFFFFF03
:209D8000FFFFFFFFFFFFFFFFFFFFFFFFFFFFFFFFFFFFFFFFFFFFFFFFFFFFFFFFFFFFFFFFE3
:209DA000FFFFFFFFFFFFFFFFFFFFFFFFFFFFFFFFFFFFFFFFFFFFFFFFFFFFFFFFFFFFFFFFC3
:209DC000FFFFFFFFFFFFFFFFFFFFFFFFFFFFFFFFFFFFFFFFFFFFFFFFFFFFFFFFFFFFFFFFA3
:209DE000FFFFFFFFFFFFFFFFFFFFFFFFFFFFFFFFFFFFFFFFFFFFFFFFFFFFFFFFFFFFFFFF83
:209E0000FFFFFFFFFFFFFFFFFFFFFFFFFFFFFFFFFFFFFFFFFFFFFFFFFFFFFFFFFFFFFFFF62
:209E2000FFFFFFFFFFFFFFFFFFFFFFFFFFFFFFFFFFFFFFFFFFFFFFFFFFFFFFFFFFFFFFFF42
:209E4000FFFFFFFFFFFFFFFFFFFFFFFFFFFFFFFFFFFFFFFFFFFFFFFFFFFFFFFFFFFFFFFF22
:209E6000FFFFFFFFFFFFFFFFFFFFFFFFFFFFFFFFFFFFFFFFFFFFFFFFFFFFFFFFFFFFFFFF02
:209E8000FFFFFFFFFFFFFFFFFFFFFFFFFFFFFFFFFFFFFFFFFFFFFFFFFFFFFFFFFFFFFFFFE2
:209EA000FFFFFFFFFFFFFFFFFFFFFFFFFFFFFFFFFFFFFFFFFFFFFFFFFFFFFFFFFFFFFFFFC2
:209EC000FFFFFFFFFFFFFFFFFFFFFFFFFFFFFFFFFFFFFFFFFFFFFFFFFFFFFFFFFFFFFFFFA2
:209EE000FFFFFFFFFFFFFFFFFFFFFFFFFFFFFFFFFFFFFFFFFFFFFFFFFFFFFFFFFFFFFFFF82
:209F0000FFFFFFFFFFFFFFFFFFFFFFFFFFFFFFFFFFFFFFFFFFFFFFFFFFFFFFFFFFFFFFFF61
:209F2000FFFFFFFFFFFFFFFFFFFFFFFFFFFFFFFFFFFFFFFFFFFFFFFFFFFFFFFFFFFFFFFF41
:209F4000FFFFFFFFFFFFFFFFFFFFFFFFFFFFFFFFFFFFFFFFFFFFFFFFFFFFFFFFFFFFFFFF21
:209F6000FFFFFFFFFFFFFFFFFFFFFFFFFFFFFFFFFFFFFFFFFFFFFFFFFFFFFFFFFFFFFFFF01
:209F8000FFFFFFFFFFFFFFFFFFFFFFFFFFFFFFFFFFFFFFFFFFFFFFFFFFFFFFFFFFFFFFFFE1
:209FA000FFFFFFFFFFFFFFFFFFFFFFFFFFFFFFFFFFFFFFFFFFFFFFFFFFFFFFFFFFFFFFFFC1
:209FC000FFFFFFFFFFFFFFFFFFFFFFFFFFFFFFFFFFFFFFFFFFFFFFFFFFFFFFFFFFFFFFFFA1
:209FE000FFFFFFFFFFFFFFFFFFFFFFFFFFFFFFFFFFFFFFFFFFFFFFFFFFFFFFFFFFFFFFFF81
:20A00000FFFFFFFFFFFFFFFFFFFFFFFFFFFFFFFFFFFFFFFFFFFFFFFFFFFFFFFFFFFFFFFF60
:20A02000FFFFFFFFFFFFFFFFFFFFFFFFFFFFFFFFFFFFFFFFFFFFFFFFFFFFFFFFFFFFFFFF40
:20A04000FFFFFFFFFFFFFFFFFFFFFFFFFFFFFFFFFFFFFFFFFFFFFFFFFFFFFFFFFFFFFFFF20
:20A06000FFFFFFFFFFFFFFFFFFFFFFFFFFFFFFFFFFFFFFFFFFFFFFFFFFFFFFFFFFFFFFFF00
:20A08000FFFFFFFFFFFFFFFFFFFFFFFFFFFFFFFFFFFFFFFFFFFFFFFFFFFFFFFFFFFFFFFFE0
:20A0A000FFFFFFFFFFFFFFFFFFFFFFFFFFFFFFFFFFFFFFFFFFFFFFFFFFFFFFFFFFFFFFFFC0
:20A0C000FFFFFFFFFFFFFFFFFFFFFFFFFFFFFFFFFFFFFFFFFFFFFFFFFFFFFFFFFFFFFFFFA0
:20A0E000FFFFFFFFFFFFFFFFFFFFFFFFFFFFFFFFFFFFFFFFFFFFFFFFFFFFFFFFFFFFFFFF80
:20A10000FFFFFFFFFFFFFFFFFFFFFFFFFFFFFFFFFFFFFFFFFFFFFFFFFFFFFFFFFFFFFFFF5F
:20A12000FFFFFFFFFFFFFFFFFFFFFFFFFFFFFFFFFFFFFFFFFFFFFFFFFFFFFFFFFFFFFFFF3F
:20A14000FFFFFFFFFFFFFFFFFFFFFFFFFFFFFFFFFFFFFFFFFFFFFFFFFFFFFFFFFFFFFFFF1F
:20A16000FFFFFFFFFFFFFFFFFFFFFFFFFFFFFFFFFFFFFFFFFFFFFFFFFFFFFFFFFFFFFFFFFF
:20A18000FFFFFFFFFFFFFFFFFFFFFFFFFFFFFFFFFFFFFFFFFFFFFFFFFFFFFFFFFFFFFFFFDF
:20A1A000FFFFFFFFFFFFFFFFFFFFFFFFFFFFFFFFFFFFFFFFFFFFFFFFFFFFFFFFFFFFFFFFBF
:20A1C000FFFFFFFFFFFFFFFFFFFFFFFFFFFFFFFFFFFFFFFFFFFFFFFFFFFFFFFFFFFFFFFF9F
:20A1E000FFFFFFFFFFFFFFFFFFFFFFFFFFFFFFFFFFFFFFFFFFFFFFFFFFFFFFFFFFFFFFFF7F
:20A20000FFFFFFFFFFFFFFFFFFFFFFFFFFFFFFFFFFFFFFFFFFFFFFFFFFFFFFFFFFFFFFFF5E
:20A22000FFFFFFFFFFFFFFFFFFFFFFFFFFFFFFFFFFFFFFFFFFFFFFFFFFFFFFFFFFFFFFFF3E
:20A24000FFFFFFFFFFFFFFFFFFFFFFFFFFFFFFFFFFFFFFFFFFFFFFFFFFFFFFFFFFFFFFFF1E
:20A26000FFFFFFFFFFFFFFFFFFFFFFFFFFFFFFFFFFFFFFFFFFFFFFFFFFFFFFFFFFFFFFFFFE
:20A28000FFFFFFFFFFFFFFFFFFFFFFFFFFFFFFFFFFFFFFFFFFFFFFFFFFFFFFFFFFFFFFFFDE
:20A2A000FFFFFFFFFFFFFFFFFFFFFFFFFFFFFFFFFFFFFFFFFFFFFFFFFFFFFFFFFFFFFFFFBE
:20A2C000FFFFFFFFFFFFFFFFFFFFFFFFFFFFFFFFFFFFFFFFFFFFFFFFFFFFFFFFFFFFFFFF9E
:20A2E000FFFFFFFFFFFFFFFFFFFFFFFFFFFFFFFFFFFFFFFFFFFFFFFFFFFFFFFFFFFFFFFF7E
:20A30000FFFFFFFFFFFFFFFFFFFFFFFFFFFFFFFFFFFFFFFFFFFFFFFFFFFFFFFFFFFFFFFF5D
:20A32000FFFFFFFFFFFFFFFFFFFFFFFFFFFFFFFFFFFFFFFFFFFFFFFFFFFFFFFFFFFFFFFF3D
:20A34000FFFFFFFFFFFFFFFFFFFFFFFFFFFFFFFFFFFFFFFFFFFFFFFFFFFFFFFFFFFFFFFF1D
:20A36000FFFFFFFFFFFFFFFFFFFFFFFFFFFFFFFFFFFFFFFFFFFFFFFFFFFFFFFFFFFFFFFFFD
:20A38000FFFFFFFFFFFFFFFFFFFFFFFFFFFFFFFFFFFFFFFFFFFFFFFFFFFFFFFFFFFFFFFFDD
:20A3A000FFFFFFFFFFFFFFFFFFFFFFFFFFFFFFFFFFFFFFFFFFFFFFFFFFFFFFFFFFFFFFFFBD
:20A3C000FFFFFFFFFFFFFFFFFFFFFFFFFFFFFFFFFFFFFFFFFFFFFFFFFFFFFFFFFFFFFFFF9D
:20A3E000FFFFFFFFFFFFFFFFFFFFFFFFFFFFFFFFFFFFFFFFFFFFFFFFFFFFFFFFFFFFFFFF7D
:20A40000FFFFFFFFFFFFFFFFFFFFFFFFFFFFFFFFFFFFFFFFFFFFFFFFFFFFFFFFFFFFFFFF5C
:20A42000FFFFFFFFFFFFFFFFFFFFFFFFFFFFFFFFFFFFFFFFFFFFFFFFFFFFFFFFFFFFFFFF3C
:20A44000FFFFFFFFFFFFFFFFFFFFFFFFFFFFFFFFFFFFFFFFFFFFFFFFFFFFFFFFFFFFFFFF1C
:20A46000FFFFFFFFFFFFFFFFFFFFFFFFFFFFFFFFFFFFFFFFFFFFFFFFFFFFFFFFFFFFFFFFFC
:20A48000FFFFFFFFFFFFFFFFFFFFFFFFFFFFFFFFFFFFFFFFFFFFFFFFFFFFFFFFFFFFFFFFDC
:20A4A000FFFFFFFFFFFFFFFFFFFFFFFFFFFFFFFFFFFFFFFFFFFFFFFFFFFFFFFFFFFFFFFFBC
:20A4C000FFFFFFFFFFFFFFFFFFFFFFFFFFFFFFFFFFFFFFFFFFFFFFFFFFFFFFFFFFFFFFFF9C
:20A4E000FFFFFFFFFFFFFFFFFFFFFFFFFFFFFFFFFFFFFFFFFFFFFFFFFFFFFFFFFFFFFFFF7C
:20A50000FFFFFFFFFFFFFFFFFFFFFFFFFFFFFFFFFFFFFFFFFFFFFFFFFFFFFFFFFFFFFFFF5B
:20A52000FFFFFFFFFFFFFFFFFFFFFFFFFFFFFFFFFFFFFFFFFFFFFFFFFFFFFFFFFFFFFFFF3B
:20A54000FFFFFFFFFFFFFFFFFFFFFFFFFFFFFFFFFFFFFFFFFFFFFFFFFFFFFFFFFFFFFFFF1B
:20A56000FFFFFFFFFFFFFFFFFFFFFFFFFFFFFFFFFFFFFFFFFFFFFFFFFFFFFFFFFFFFFFFFFB
:20A58000FFFFFFFFFFFFFFFFFFFFFFFFFFFFFFFFFFFFFFFFFFFFFFFFFFFFFFFFFFFFFFFFDB
:20A5A000FFFFFFFFFFFFFFFFFFFFFFFFFFFFFFFFFFFFFFFFFFFFFFFFFFFFFFFFFFFFFFFFBB
:20A5C000FFFFFFFFFFFFFFFFFFFFFFFFFFFFFFFFFFFFFFFFFFFFFFFFFFFFFFFFFFFFFFFF9B
:20A5E000FFFFFFFFFFFFFFFFFFFFFFFFFFFFFFFFFFFFFFFFFFFFFFFFFFFFFFFFFFFFFFFF7B
:20A60000FFFFFFFFFFFFFFFFFFFFFFFFFFFFFFFFFFFFFFFFFFFFFFFFFFFFFFFFFFFFFFFF5A
:20A62000FFFFFFFFFFFFFFFFFFFFFFFFFFFFFFFFFFFFFFFFFFFFFFFFFFFFFFFFFFFFFFFF3A
:20A64000FFFFFFFFFFFFFFFFFFFFFFFFFFFFFFFFFFFFFFFFFFFFFFFFFFFFFFFFFFFFFFFF1A
:20A66000FFFFFFFFFFFFFFFFFFFFFFFFFFFFFFFFFFFFFFFFFFFFFFFFFFFFFFFFFFFFFFFFFA
:20A68000FFFFFFFFFFFFFFFFFFFFFFFFFFFFFFFFFFFFFFFFFFFFFFFFFFFFFFFFFFFFFFFFDA
:20A6A000FFFFFFFFFFFFFFFFFFFFFFFFFFFFFFFFFFFFFFFFFFFFFFFFFFFFFFFFFFFFFFFFBA
:20A6C000FFFFFFFFFFFFFFFFFFFFFFFFFFFFFFFFFFFFFFFFFFFFFFFFFFFFFFFFFFFFFFFF9A
:20A6E000FFFFFFFFFFFFFFFFFFFFFFFFFFFFFFFFFFFFFFFFFFFFFFFFFFFFFFFFFFFFFFFF7A
:20A70000FFFFFFFFFFFFFFFFFFFFFFFFFFFFFFFFFFFFFFFFFFFFFFFFFFFFFFFFFFFFFFFF59
:20A72000FFFFFFFFFFFFFFFFFFFFFFFFFFFFFFFFFFFFFFFFFFFFFFFFFFFFFFFFFFFFFFFF39
:20A74000FFFFFFFFFFFFFFFFFFFFFFFFFFFFFFFFFFFFFFFFFFFFFFFFFFFFFFFFFFFFFFFF19
:20A76000FFFFFFFFFFFFFFFFFFFFFFFFFFFFFFFFFFFFFFFFFFFFFFFFFFFFFFFFFFFFFFFFF9
:20A78000FFFFFFFFFFFFFFFFFFFFFFFFFFFFFFFFFFFFFFFFFFFFFFFFFFFFFFFFFFFFFFFFD9
:20A7A000FFFFFFFFFFFFFFFFFFFFFFFFFFFFFFFFFFFFFFFFFFFFFFFFFFFFFFFFFFFFFFFFB9
:20A7C000FFFFFFFFFFFFFFFFFFFFFFFFFFFFFFFFFFFFFFFFFFFFFFFFFFFFFFFFFFFFFFFF99
:20A7E000FFFFFFFFFFFFFFFFFFFFFFFFFFFFFFFFFFFFFFFFFFFFFFFFFFFFFFFFFFFFFFFF79
:20A80000FFFFFFFFFFFFFFFFFFFFFFFFFFFFFFFFFFFFFFFFFFFFFFFFFFFFFFFFFFFFFFFF58
:20A82000FFFFFFFFFFFFFFFFFFFFFFFFFFFFFFFFFFFFFFFFFFFFFFFFFFFFFFFFFFFFFFFF38
:20A84000FFFFFFFFFFFFFFFFFFFFFFFFFFFFFFFFFFFFFFFFFFFFFFFFFFFFFFFFFFFFFFFF18
:20A86000FFFFFFFFFFFFFFFFFFFFFFFFFFFFFFFFFFFFFFFFFFFFFFFFFFFFFFFFFFFFFFFFF8
:20A88000FFFFFFFFFFFFFFFFFFFFFFFFFFFFFFFFFFFFFFFFFFFFFFFFFFFFFFFFFFFFFFFFD8
:20A8A000FFFFFFFFFFFFFFFFFFFFFFFFFFFFFFFFFFFFFFFFFFFFFFFFFFFFFFFFFFFFFFFFB8
:20A8C000FFFFFFFFFFFFFFFFFFFFFFFFFFFFFFFFFFFFFFFFFFFFFFFFFFFFFFFFFFFFFFFF98
:20A8E000FFFFFFFFFFFFFFFFFFFFFFFFFFFFFFFFFFFFFFFFFFFFFFFFFFFFFFFFFFFFFFFF78
:20A90000FFFFFFFFFFFFFFFFFFFFFFFFFFFFFFFFFFFFFFFFFFFFFFFFFFFFFFFFFFFFFFFF57
:20A92000FFFFFFFFFFFFFFFFFFFFFFFFFFFFFFFFFFFFFFFFFFFFFFFFFFFFFFFFFFFFFFFF37
:20A94000FFFFFFFFFFFFFFFFFFFFFFFFFFFFFFFFFFFFFFFFFFFFFFFFFFFFFFFFFFFFFFFF17
:20A96000FFFFFFFFFFFFFFFFFFFFFFFFFFFFFFFFFFFFFFFFFFFFFFFFFFFFFFFFFFFFFFFFF7
:20A98000FFFFFFFFFFFFFFFFFFFFFFFFFFFFFFFFFFFFFFFFFFFFFFFFFFFFFFFFFFFFFFFFD7
:20A9A000FFFFFFFFFFFFFFFFFFFFFFFFFFFFFFFFFFFFFFFFFFFFFFFFFFFFFFFFFFFFFFFFB7
:20A9C000FFFFFFFFFFFFFFFFFFFFFFFFFFFFFFFFFFFFFFFFFFFFFFFFFFFFFFFFFFFFFFFF97
:20A9E000FFFFFFFFFFFFFFFFFFFFFFFFFFFFFFFFFFFFFFFFFFFFFFFFFFFFFFFFFFFFFFFF77
:20AA0000FFFFFFFFFFFFFFFFFFFFFFFFFFFFFFFFFFFFFFFFFFFFFFFFFFFFFFFFFFFFFFFF56
:20AA2000FFFFFFFFFFFFFFFFFFFFFFFFFFFFFFFFFFFFFFFFFFFFFFFFFFFFFFFFFFFFFFFF36
:20AA4000FFFFFFFFFFFFFFFFFFFFFFFFFFFFFFFFFFFFFFFFFFFFFFFFFFFFFFFFFFFFFFFF16
:20AA6000FFFFFFFFFFFFFFFFFFFFFFFFFFFFFFFFFFFFFFFFFFFFFFFFFFFFFFFFFFFFFFFFF6
:20AA8000FFFFFFFFFFFFFFFFFFFFFFFFFFFFFFFFFFFFFFFFFFFFFFFFFFFFFFFFFFFFFFFFD6
:20AAA000FFFFFFFFFFFFFFFFFFFFFFFFFFFFFFFFFFFFFFFFFFFFFFFFFFFFFFFFFFFFFFFFB6
:20AAC000FFFFFFFFFFFFFFFFFFFFFFFFFFFFFFFFFFFFFFFFFFFFFFFFFFFFFFFFFFFFFFFF96
:20AAE000FFFFFFFFFFFFFFFFFFFFFFFFFFFFFFFFFFFFFFFFFFFFFFFFFFFFFFFFFFFFFFFF76
:20AB0000FFFFFFFFFFFFFFFFFFFFFFFFFFFFFFFFFFFFFFFFFFFFFFFFFFFFFFFFFFFFFFFF55
:20AB2000FFFFFFFFFFFFFFFFFFFFFFFFFFFFFFFFFFFFFFFFFFFFFFFFFFFFFFFFFFFFFFFF35
:20AB4000FFFFFFFFFFFFFFFFFFFFFFFFFFFFFFFFFFFFFFFFFFFFFFFFFFFFFFFFFFFFFFFF15
:20AB6000FFFFFFFFFFFFFFFFFFFFFFFFFFFFFFFFFFFFFFFFFFFFFFFFFFFFFFFFFFFFFFFFF5
:20AB8000FFFFFFFFFFFFFFFFFFFFFFFFFFFFFFFFFFFFFFFFFFFFFFFFFFFFFFFFFFFFFFFFD5
:20ABA000FFFFFFFFFFFFFFFFFFFFFFFFFFFFFFFFFFFFFFFFFFFFFFFFFFFFFFFFFFFFFFFFB5
:20ABC000FFFFFFFFFFFFFFFFFFFFFFFFFFFFFFFFFFFFFFFFFFFFFFFFFFFFFFFFFFFFFFFF95
:20ABE000FFFFFFFFFFFFFFFFFFFFFFFFFFFFFFFFFFFFFFFFFFFFFFFFFFFFFFFFFFFFFFFF75
:20AC0000FFFFFFFFFFFFFFFFFFFFFFFFFFFFFFFFFFFFFFFFFFFFFFFFFFFFFFFFFFFFFFFF54
:20AC2000FFFFFFFFFFFFFFFFFFFFFFFFFFFFFFFFFFFFFFFFFFFFFFFFFFFFFFFFFFFFFFFF34
:20AC4000FFFFFFFFFFFFFFFFFFFFFFFFFFFFFFFFFFFFFFFFFFFFFFFFFFFFFFFFFFFFFFFF14
:20AC6000FFFFFFFFFFFFFFFFFFFFFFFFFFFFFFFFFFFFFFFFFFFFFFFFFFFFFFFFFFFFFFFFF4
:20AC8000FFFFFFFFFFFFFFFFFFFFFFFFFFFFFFFFFFFFFFFFFFFFFFFFFFFFFFFFFFFFFFFFD4
:20ACA000FFFFFFFFFFFFFFFFFFFFFFFFFFFFFFFFFFFFFFFFFFFFFFFFFFFFFFFFFFFFFFFFB4
:20ACC000FFFFFFFFFFFFFFFFFFFFFFFFFFFFFFFFFFFFFFFFFFFFFFFFFFFFFFFFFFFFFFFF94
:20ACE000FFFFFFFFFFFFFFFFFFFFFFFFFFFFFFFFFFFFFFFFFFFFFFFFFFFFFFFFFFFFFFFF74
:20AD0000FFFFFFFFFFFFFFFFFFFFFFFFFFFFFFFFFFFFFFFFFFFFFFFFFFFFFFFFFFFFFFFF53
:20AD2000FFFFFFFFFFFFFFFFFFFFFFFFFFFFFFFFFFFFFFFFFFFFFFFFFFFFFFFFFFFFFFFF33
:20AD4000FFFFFFFFFFFFFFFFFFFFFFFFFFFFFFFFFFFFFFFFFFFFFFFFFFFFFFFFFFFFFFFF13
:20AD6000FFFFFFFFFFFFFFFFFFFFFFFFFFFFFFFFFFFFFFFFFFFFFFFFFFFFFFFFFFFFFFFFF3
:20AD8000FFFFFFFFFFFFFFFFFFFFFFFFFFFFFFFFFFFFFFFFFFFFFFFFFFFFFFFFFFFFFFFFD3
:20ADA000FFFFFFFFFFFFFFFFFFFFFFFFFFFFFFFFFFFFFFFFFFFFFFFFFFFFFFFFFFFFFFFFB3
:20ADC000FFFFFFFFFFFFFFFFFFFFFFFFFFFFFFFFFFFFFFFFFFFFFFFFFFFFFFFFFFFFFFFF93
:20ADE000FFFFFFFFFFFFFFFFFFFFFFFFFFFFFFFFFFFFFFFFFFFFFFFFFFFFFFFFFFFFFFFF73
:20AE0000FFFFFFFFFFFFFFFFFFFFFFFFFFFFFFFFFFFFFFFFFFFFFFFFFFFFFFFFFFFFFFFF52
:20AE2000FFFFFFFFFFFFFFFFFFFFFFFFFFFFFFFFFFFFFFFFFFFFFFFFFFFFFFFFFFFFFFFF32
:20AE4000FFFFFFFFFFFFFFFFFFFFFFFFFFFFFFFFFFFFFFFFFFFFFFFFFFFFFFFFFFFFFFFF12
:20AE6000FFFFFFFFFFFFFFFFFFFFFFFFFFFFFFFFFFFFFFFFFFFFFFFFFFFFFFFFFFFFFFFFF2
:20AE8000FFFFFFFFFFFFFFFFFFFFFFFFFFFFFFFFFFFFFFFFFFFFFFFFFFFFFFFFFFFFFFFFD2
:20AEA000FFFFFFFFFFFFFFFFFFFFFFFFFFFFFFFFFFFFFFFFFFFFFFFFFFFFFFFFFFFFFFFFB2
:20AEC000FFFFFFFFFFFFFFFFFFFFFFFFFFFFFFFFFFFFFFFFFFFFFFFFFFFFFFFFFFFFFFFF92
:20AEE000FFFFFFFFFFFFFFFFFFFFFFFFFFFFFFFFFFFFFFFFFFFFFFFFFFFFFFFFFFFFFFFF72
:20AF0000FFFFFFFFFFFFFFFFFFFFFFFFFFFFFFFFFFFFFFFFFFFFFFFFFFFFFFFFFFFFFFFF51
:20AF2000FFFFFFFFFFFFFFFFFFFFFFFFFFFFFFFFFFFFFFFFFFFFFFFFFFFFFFFFFFFFFFFF31
:20AF4000FFFFFFFFFFFFFFFFFFFFFFFFFFFFFFFFFFFFFFFFFFFFFFFFFFFFFFFFFFFFFFFF11
:20AF6000FFFFFFFFFFFFFFFFFFFFFFFFFFFFFFFFFFFFFFFFFFFFFFFFFFFFFFFFFFFFFFFFF1
:20AF8000FFFFFFFFFFFFFFFFFFFFFFFFFFFFFFFFFFFFFFFFFFFFFFFFFFFFFFFFFFFFFFFFD1
:20AFA000FFFFFFFFFFFFFFFFFFFFFFFFFFFFFFFFFFFFFFFFFFFFFFFFFFFFFFFFFFFFFFFFB1
:20AFC000FFFFFFFFFFFFFFFFFFFFFFFFFFFFFFFFFFFFFFFFFFFFFFFFFFFFFFFFFFFFFFFF91
:20AFE000FFFFFFFFFFFFFFFFFFFFFFFFFFFFFFFFFFFFFFFFFFFFFFFFFFFFFFFFFFFFFFFF71
:20B00000FFFFFFFFFFFFFFFFFFFFFFFFFFFFFFFFFFFFFFFFFFFFFFFFFFFFFFFFFFFFFFFF50
:20B02000FFFFFFFFFFFFFFFFFFFFFFFFFFFFFFFFFFFFFFFFFFFFFFFFFFFFFFFFFFFFFFFF30
:20B04000FFFFFFFFFFFFFFFFFFFFFFFFFFFFFFFFFFFFFFFFFFFFFFFFFFFFFFFFFFFFFFFF10
:20B06000FFFFFFFFFFFFFFFFFFFFFFFFFFFFFFFFFFFFFFFFFFFFFFFFFFFFFFFFFFFFFFFFF0
:20B08000FFFFFFFFFFFFFFFFFFFFFFFFFFFFFFFFFFFFFFFFFFFFFFFFFFFFFFFFFFFFFFFFD0
:20B0A000FFFFFFFFFFFFFFFFFFFFFFFFFFFFFFFFFFFFFFFFFFFFFFFFFFFFFFFFFFFFFFFFB0
:20B0C000FFFFFFFFFFFFFFFFFFFFFFFFFFFFFFFFFFFFFFFFFFFFFFFFFFFFFFFFFFFFFFFF90
:20B0E000FFFFFFFFFFFFFFFFFFFFFFFFFFFFFFFFFFFFFFFFFFFFFFFFFFFFFFFFFFFFFFFF70
:20B10000FFFFFFFFFFFFFFFFFFFFFFFFFFFFFFFFFFFFFFFFFFFFFFFFFFFFFFFFFFFFFFFF4F
:20B12000FFFFFFFFFFFFFFFFFFFFFFFFFFFFFFFFFFFFFFFFFFFFFFFFFFFFFFFFFFFFFFFF2F
:20B14000FFFFFFFFFFFFFFFFFFFFFFFFFFFFFFFFFFFFFFFFFFFFFFFFFFFFFFFFFFFFFFFF0F
:20B16000FFFFFFFFFFFFFFFFFFFFFFFFFFFFFFFFFFFFFFFFFFFFFFFFFFFFFFFFFFFFFFFFEF
:20B18000FFFFFFFFFFFFFFFFFFFFFFFFFFFFFFFFFFFFFFFFFFFFFFFFFFFFFFFFFFFFFFFFCF
:20B1A000FFFFFFFFFFFFFFFFFFFFFFFFFFFFFFFFFFFFFFFFFFFFFFFFFFFFFFFFFFFFFFFFAF
:20B1C000FFFFFFFFFFFFFFFFFFFFFFFFFFFFFFFFFFFFFFFFFFFFFFFFFFFFFFFFFFFFFFFF8F
:20B1E000FFFFFFFFFFFFFFFFFFFFFFFFFFFFFFFFFFFFFFFFFFFFFFFFFFFFFFFFFFFFFFFF6F
:20B20000FFFFFFFFFFFFFFFFFFFFFFFFFFFFFFFFFFFFFFFFFFFFFFFFFFFFFFFFFFFFFFFF4E
:20B22000FFFFFFFFFFFFFFFFFFFFFFFFFFFFFFFFFFFFFFFFFFFFFFFFFFFFFFFFFFFFFFFF2E
:20B24000FFFFFFFFFFFFFFFFFFFFFFFFFFFFFFFFFFFFFFFFFFFFFFFFFFFFFFFFFFFFFFFF0E
:20B26000FFFFFFFFFFFFFFFFFFFFFFFFFFFFFFFFFFFFFFFFFFFFFFFFFFFFFFFFFFFFFFFFEE
:20B28000FFFFFFFFFFFFFFFFFFFFFFFFFFFFFFFFFFFFFFFFFFFFFFFFFFFFFFFFFFFFFFFFCE
:20B2A000FFFFFFFFFFFFFFFFFFFFFFFFFFFFFFFFFFFFFFFFFFFFFFFFFFFFFFFFFFFFFFFFAE
:20B2C000FFFFFFFFFFFFFFFFFFFFFFFFFFFFFFFFFFFFFFFFFFFFFFFFFFFFFFFFFFFFFFFF8E
:20B2E000FFFFFFFFFFFFFFFFFFFFFFFFFFFFFFFFFFFFFFFFFFFFFFFFFFFFFFFFFFFFFFFF6E
:20B30000FFFFFFFFFFFFFFFFFFFFFFFFFFFFFFFFFFFFFFFFFFFFFFFFFFFFFFFFFFFFFFFF4D
:20B32000FFFFFFFFFFFFFFFFFFFFFFFFFFFFFFFFFFFFFFFFFFFFFFFFFFFFFFFFFFFFFFFF2D
:20B34000FFFFFFFFFFFFFFFFFFFFFFFFFFFFFFFFFFFFFFFFFFFFFFFFFFFFFFFFFFFFFFFF0D
:20B36000FFFFFFFFFFFFFFFFFFFFFFFFFFFFFFFFFFFFFFFFFFFFFFFFFFFFFFFFFFFFFFFFED
:20B38000FFFFFFFFFFFFFFFFFFFFFFFFFFFFFFFFFFFFFFFFFFFFFFFFFFFFFFFFFFFFFFFFCD
:20B3A000FFFFFFFFFFFFFFFFFFFFFFFFFFFFFFFFFFFFFFFFFFFFFFFFFFFFFFFFFFFFFFFFAD
:20B3C000FFFFFFFFFFFFFFFFFFFFFFFFFFFFFFFFFFFFFFFFFFFFFFFFFFFFFFFFFFFFFFFF8D
:20B3E000FFFFFFFFFFFFFFFFFFFFFFFFFFFFFFFFFFFFFFFFFFFFFFFFFFFFFFFFFFFFFFFF6D
:20B40000FFFFFFFFFFFFFFFFFFFFFFFFFFFFFFFFFFFFFFFFFFFFFFFFFFFFFFFFFFFFFFFF4C
:20B42000FFFFFFFFFFFFFFFFFFFFFFFFFFFFFFFFFFFFFFFFFFFFFFFFFFFFFFFFFFFFFFFF2C
:20B44000FFFFFFFFFFFFFFFFFFFFFFFFFFFFFFFFFFFFFFFFFFFFFFFFFFFFFFFFFFFFFFFF0C
:20B46000FFFFFFFFFFFFFFFFFFFFFFFFFFFFFFFFFFFFFFFFFFFFFFFFFFFFFFFFFFFFFFFFEC
:20B48000FFFFFFFFFFFFFFFFFFFFFFFFFFFFFFFFFFFFFFFFFFFFFFFFFFFFFFFFFFFFFFFFCC
:20B4A000FFFFFFFFFFFFFFFFFFFFFFFFFFFFFFFFFFFFFFFFFFFFFFFFFFFFFFFFFFFFFFFFAC
:20B4C000FFFFFFFFFFFFFFFFFFFFFFFFFFFFFFFFFFFFFFFFFFFFFFFFFFFFFFFFFFFFFFFF8C
:20B4E000FFFFFFFFFFFFFFFFFFFFFFFFFFFFFFFFFFFFFFFFFFFFFFFFFFFFFFFFFFFFFFFF6C
:20B50000FFFFFFFFFFFFFFFFFFFFFFFFFFFFFFFFFFFFFFFFFFFFFFFFFFFFFFFFFFFFFFFF4B
:20B52000FFFFFFFFFFFFFFFFFFFFFFFFFFFFFFFFFFFFFFFFFFFFFFFFFFFFFFFFFFFFFFFF2B
:20B54000FFFFFFFFFFFFFFFFFFFFFFFFFFFFFFFFFFFFFFFFFFFFFFFFFFFFFFFFFFFFFFFF0B
:20B56000FFFFFFFFFFFFFFFFFFFFFFFFFFFFFFFFFFFFFFFFFFFFFFFFFFFFFFFFFFFFFFFFEB
:20B58000FFFFFFFFFFFFFFFFFFFFFFFFFFFFFFFFFFFFFFFFFFFFFFFFFFFFFFFFFFFFFFFFCB
:20B5A000FFFFFFFFFFFFFFFFFFFFFFFFFFFFFFFFFFFFFFFFFFFFFFFFFFFFFFFFFFFFFFFFAB
:20B5C000FFFFFFFFFFFFFFFFFFFFFFFFFFFFFFFFFFFFFFFFFFFFFFFFFFFFFFFFFFFFFFFF8B
:20B5E000FFFFFFFFFFFFFFFFFFFFFFFFFFFFFFFFFFFFFFFFFFFFFFFFFFFFFFFFFFFFFFFF6B
:20B60000FFFFFFFFFFFFFFFFFFFFFFFFFFFFFFFFFFFFFFFFFFFFFFFFFFFFFFFFFFFFFFFF4A
:20B62000FFFFFFFFFFFFFFFFFFFFFFFFFFFFFFFFFFFFFFFFFFFFFFFFFFFFFFFFFFFFFFFF2A
:20B64000FFFFFFFFFFFFFFFFFFFFFFFFFFFFFFFFFFFFFFFFFFFFFFFFFFFFFFFFFFFFFFFF0A
:20B66000FFFFFFFFFFFFFFFFFFFFFFFFFFFFFFFFFFFFFFFFFFFFFFFFFFFFFFFFFFFFFFFFEA
:20B68000FFFFFFFFFFFFFFFFFFFFFFFFFFFFFFFFFFFFFFFFFFFFFFFFFFFFFFFFFFFFFFFFCA
:20B6A000FFFFFFFFFFFFFFFFFFFFFFFFFFFFFFFFFFFFFFFFFFFFFFFFFFFFFFFFFFFFFFFFAA
:20B6C000FFFFFFFFFFFFFFFFFFFFFFFFFFFFFFFFFFFFFFFFFFFFFFFFFFFFFFFFFFFFFFFF8A
:20B6E000FFFFFFFFFFFFFFFFFFFFFFFFFFFFFFFFFFFFFFFFFFFFFFFFFFFFFFFFFFFFFFFF6A
:20B70000FFFFFFFFFFFFFFFFFFFFFFFFFFFFFFFFFFFFFFFFFFFFFFFFFFFFFFFFFFFFFFFF49
:20B72000FFFFFFFFFFFFFFFFFFFFFFFFFFFFFFFFFFFFFFFFFFFFFFFFFFFFFFFFFFFFFFFF29
:20B74000FFFFFFFFFFFFFFFFFFFFFFFFFFFFFFFFFFFFFFFFFFFFFFFFFFFFFFFFFFFFFFFF09
:20B76000FFFFFFFFFFFFFFFFFFFFFFFFFFFFFFFFFFFFFFFFFFFFFFFFFFFFFFFFFFFFFFFFE9
:20B78000FFFFFFFFFFFFFFFFFFFFFFFFFFFFFFFFFFFFFFFFFFFFFFFFFFFFFFFFFFFFFFFFC9
:20B7A000FFFFFFFFFFFFFFFFFFFFFFFFFFFFFFFFFFFFFFFFFFFFFFFFFFFFFFFFFFFFFFFFA9
:20B7C000FFFFFFFFFFFFFFFFFFFFFFFFFFFFFFFFFFFFFFFFFFFFFFFFFFFFFFFFFFFFFFFF89
:20B7E000FFFFFFFFFFFFFFFFFFFFFFFFFFFFFFFFFFFFFFFFFFFFFFFFFFFFFFFFFFFFFFFF69
:20B80000FFFFFFFFFFFFFFFFFFFFFFFFFFFFFFFFFFFFFFFFFFFFFFFFFFFFFFFFFFFFFFFF48
:20B82000FFFFFFFFFFFFFFFFFFFFFFFFFFFFFFFFFFFFFFFFFFFFFFFFFFFFFFFFFFFFFFFF28
:20B84000FFFFFFFFFFFFFFFFFFFFFFFFFFFFFFFFFFFFFFFFFFFFFFFFFFFFFFFFFFFFFFFF08
:20B86000FFFFFFFFFFFFFFFFFFFFFFFFFFFFFFFFFFFFFFFFFFFFFFFFFFFFFFFFFFFFFFFFE8
:20B88000FFFFFFFFFFFFFFFFFFFFFFFFFFFFFFFFFFFFFFFFFFFFFFFFFFFFFFFFFFFFFFFFC8
:20B8A000FFFFFFFFFFFFFFFFFFFFFFFFFFFFFFFFFFFFFFFFFFFFFFFFFFFFFFFFFFFFFFFFA8
:20B8C000FFFFFFFFFFFFFFFFFFFFFFFFFFFFFFFFFFFFFFFFFFFFFFFFFFFFFFFFFFFFFFFF88
:20B8E000FFFFFFFFFFFFFFFFFFFFFFFFFFFFFFFFFFFFFFFFFFFFFFFFFFFFFFFFFFFFFFFF68
:20B90000FFFFFFFFFFFFFFFFFFFFFFFFFFFFFFFFFFFFFFFFFFFFFFFFFFFFFFFFFFFFFFFF47
:20B92000FFFFFFFFFFFFFFFFFFFFFFFFFFFFFFFFFFFFFFFFFFFFFFFFFFFFFFFFFFFFFFFF27
:20B94000FFFFFFFFFFFFFFFFFFFFFFFFFFFFFFFFFFFFFFFFFFFFFFFFFFFFFFFFFFFFFFFF07
:20B96000FFFFFFFFFFFFFFFFFFFFFFFFFFFFFFFFFFFFFFFFFFFFFFFFFFFFFFFFFFFFFFFFE7
:20B98000FFFFFFFFFFFFFFFFFFFFFFFFFFFFFFFFFFFFFFFFFFFFFFFFFFFFFFFFFFFFFFFFC7
:20B9A000FFFFFFFFFFFFFFFFFFFFFFFFFFFFFFFFFFFFFFFFFFFFFFFFFFFFFFFFFFFFFFFFA7
:20B9C000FFFFFFFFFFFFFFFFFFFFFFFFFFFFFFFFFFFFFFFFFFFFFFFFFFFFFFFFFFFFFFFF87
:20B9E000FFFFFFFFFFFFFFFFFFFFFFFFFFFFFFFFFFFFFFFFFFFFFFFFFFFFFFFFFFFFFFFF67
:20BA0000FFFFFFFFFFFFFFFFFFFFFFFFFFFFFFFFFFFFFFFFFFFFFFFFFFFFFFFFFFFFFFFF46
:20BA2000FFFFFFFFFFFFFFFFFFFFFFFFFFFFFFFFFFFFFFFFFFFFFFFFFFFFFFFFFFFFFFFF26
:20BA4000FFFFFFFFFFFFFFFFFFFFFFFFFFFFFFFFFFFFFFFFFFFFFFFFFFFFFFFFFFFFFFFF06
:20BA6000FFFFFFFFFFFFFFFFFFFFFFFFFFFFFFFFFFFFFFFFFFFFFFFFFFFFFFFFFFFFFFFFE6
:20BA8000FFFFFFFFFFFFFFFFFFFFFFFFFFFFFFFFFFFFFFFFFFFFFFFFFFFFFFFFFFFFFFFFC6
:20BAA000FFFFFFFFFFFFFFFFFFFFFFFFFFFFFFFFFFFFFFFFFFFFFFFFFFFFFFFFFFFFFFFFA6
:20BAC000FFFFFFFFFFFFFFFFFFFFFFFFFFFFFFFFFFFFFFFFFFFFFFFFFFFFFFFFFFFFFFFF86
:20BAE000FFFFFFFFFFFFFFFFFFFFFFFFFFFFFFFFFFFFFFFFFFFFFFFFFFFFFFFFFFFFFFFF66
:20BB0000FFFFFFFFFFFFFFFFFFFFFFFFFFFFFFFFFFFFFFFFFFFFFFFFFFFFFFFFFFFFFFFF45
:20BB2000FFFFFFFFFFFFFFFFFFFFFFFFFFFFFFFFFFFFFFFFFFFFFFFFFFFFFFFFFFFFFFFF25
:20BB4000FFFFFFFFFFFFFFFFFFFFFFFFFFFFFFFFFFFFFFFFFFFFFFFFFFFFFFFFFFFFFFFF05
:20BB6000FFFFFFFFFFFFFFFFFFFFFFFFFFFFFFFFFFFFFFFFFFFFFFFFFFFFFFFFFFFFFFFFE5
:20BB8000FFFFFFFFFFFFFFFFFFFFFFFFFFFFFFFFFFFFFFFFFFFFFFFFFFFFFFFFFFFFFFFFC5
:20BBA000FFFFFFFFFFFFFFFFFFFFFFFFFFFFFFFFFFFFFFFFFFFFFFFFFFFFFFFFFFFFFFFFA5
:20BBC000FFFFFFFFFFFFFFFFFFFFFFFFFFFFFFFFFFFFFFFFFFFFFFFFFFFFFFFFFFFFFFFF85
:20BBE000FFFFFFFFFFFFFFFFFFFFFFFFFFFFFFFFFFFFFFFFFFFFFFFFFFFFFFFFFFFFFFFF65
:20BC0000FFFFFFFFFFFFFFFFFFFFFFFFFFFFFFFFFFFFFFFFFFFFFFFFFFFFFFFFFFFFFFFF44
:20BC2000FFFFFFFFFFFFFFFFFFFFFFFFFFFFFFFFFFFFFFFFFFFFFFFFFFFFFFFFFFFFFFFF24
:20BC4000FFFFFFFFFFFFFFFFFFFFFFFFFFFFFFFFFFFFFFFFFFFFFFFFFFFFFFFFFFFFFFFF04
:20BC6000FFFFFFFFFFFFFFFFFFFFFFFFFFFFFFFFFFFFFFFFFFFFFFFFFFFFFFFFFFFFFFFFE4
:20BC8000FFFFFFFFFFFFFFFFFFFFFFFFFFFFFFFFFFFFFFFFFFFFFFFFFFFFFFFFFFFFFFFFC4
:20BCA000FFFFFFFFFFFFFFFFFFFFFFFFFFFFFFFFFFFFFFFFFFFFFFFFFFFFFFFFFFFFFFFFA4
:20BCC000FFFFFFFFFFFFFFFFFFFFFFFFFFFFFFFFFFFFFFFFFFFFFFFFFFFFFFFFFFFFFFFF84
:20BCE000FFFFFFFFFFFFFFFFFFFFFFFFFFFFFFFFFFFFFFFFFFFFFFFFFFFFFFFFFFFFFFFF64
:20BD0000FFFFFFFFFFFFFFFFFFFFFFFFFFFFFFFFFFFFFFFFFFFFFFFFFFFFFFFFFFFFFFFF43
:20BD2000FFFFFFFFFFFFFFFFFFFFFFFFFFFFFFFFFFFFFFFFFFFFFFFFFFFFFFFFFFFFFFFF23
:20BD4000FFFFFFFFFFFFFFFFFFFFFFFFFFFFFFFFFFFFFFFFFFFFFFFFFFFFFFFFFFFFFFFF03
:20BD6000FFFFFFFFFFFFFFFFFFFFFFFFFFFFFFFFFFFFFFFFFFFFFFFFFFFFFFFFFFFFFFFFE3
:20BD8000FFFFFFFFFFFFFFFFFFFFFFFFFFFFFFFFFFFFFFFFFFFFFFFFFFFFFFFFFFFFFFFFC3
:20BDA000FFFFFFFFFFFFFFFFFFFFFFFFFFFFFFFFFFFFFFFFFFFFFFFFFFFFFFFFFFFFFFFFA3
:20BDC000FFFFFFFFFFFFFFFFFFFFFFFFFFFFFFFFFFFFFFFFFFFFFFFFFFFFFFFFFFFFFFFF83
:20BDE000FFFFFFFFFFFFFFFFFFFFFFFFFFFFFFFFFFFFFFFFFFFFFFFFFFFFFFFFFFFFFFFF63
:20BE0000FFFFFFFFFFFFFFFFFFFFFFFFFFFFFFFFFFFFFFFFFFFFFFFFFFFFFFFFFFFFFFFF42
:20BE2000FFFFFFFFFFFFFFFFFFFFFFFFFFFFFFFFFFFFFFFFFFFFFFFFFFFFFFFFFFFFFFFF22
:20BE4000FFFFFFFFFFFFFFFFFFFFFFFFFFFFFFFFFFFFFFFFFFFFFFFFFFFFFFFFFFFFFFFF02
:20BE6000FFFFFFFFFFFFFFFFFFFFFFFFFFFFFFFFFFFFFFFFFFFFFFFFFFFFFFFFFFFFFFFFE2
:20BE8000FFFFFFFFFFFFFFFFFFFFFFFFFFFFFFFFFFFFFFFFFFFFFFFFFFFFFFFFFFFFFFFFC2
:20BEA000FFFFFFFFFFFFFFFFFFFFFFFFFFFFFFFFFFFFFFFFFFFFFFFFFFFFFFFFFFFFFFFFA2
:20BEC000FFFFFFFFFFFFFFFFFFFFFFFFFFFFFFFFFFFFFFFFFFFFFFFFFFFFFFFFFFFFFFFF82
:20BEE000FFFFFFFFFFFFFFFFFFFFFFFFFFFFFFFFFFFFFFFFFFFFFFFFFFFFFFFFFFFFFFFF62
:20BF0000FFFFFFFFFFFFFFFFFFFFFFFFFFFFFFFFFFFFFFFFFFFFFFFFFFFFFFFFFFFFFFFF41
:20BF2000FFFFFFFFFFFFFFFFFFFFFFFFFFFFFFFFFFFFFFFFFFFFFFFFFFFFFFFFFFFFFFFF21
:20BF4000FFFFFFFFFFFFFFFFFFFFFFFFFFFFFFFFFFFFFFFFFFFFFFFFFFFFFFFFFFFFFFFF01
:20BF6000FFFFFFFFFFFFFFFFFFFFFFFFFFFFFFFFFFFFFFFFFFFFFFFFFFFFFFFFFFFFFFFFE1
:20BF8000FFFFFFFFFFFFFFFFFFFFFFFFFFFFFFFFFFFFFFFFFFFFFFFFFFFFFFFFFFFFFFFFC1
:20BFA000FFFFFFFFFFFFFFFFFFFFFFFFFFFFFFFFFFFFFFFFFFFFFFFFFFFFFFFFFFFFFFFFA1
:20BFC000FFFFFFFFFFFFFFFFFFFFFFFFFFFFFFFFFFFFFFFFFFFFFFFFFFFFFFFFFFFFFFFF81
:20BFE000FFFFFFFFFFFFFFFFFFFFFFFFFFFFFFFFFFFFFFFFFFFFFFFFFFFFFFFFFFFFFFFF61
:20C00000FFFFFFFFFFFFFFFFFFFFFFFFFFFFFFFFFFFFFFFFFFFFFFFFFFFFFFFFFFFFFFFF40
:20C02000FFFFFFFFFFFFFFFFFFFFFFFFFFFFFFFFFFFFFFFFFFFFFFFFFFFFFFFFFFFFFFFF20
:20C04000FFFFFFFFFFFFFFFFFFFFFFFFFFFFFFFFFFFFFFFFFFFFFFFFFFFFFFFFFFFFFFFF00
:20C06000FFFFFFFFFFFFFFFFFFFFFFFFFFFFFFFFFFFFFFFFFFFFFFFFFFFFFFFFFFFFFFFFE0
:20C08000FFFFFFFFFFFFFFFFFFFFFFFFFFFFFFFFFFFFFFFFFFFFFFFFFFFFFFFFFFFFFFFFC0
:20C0A000FFFFFFFFFFFFFFFFFFFFFFFFFFFFFFFFFFFFFFFFFFFFFFFFFFFFFFFFFFFFFFFFA0
:20C0C000FFFFFFFFFFFFFFFFFFFFFFFFFFFFFFFFFFFFFFFFFFFFFFFFFFFFFFFFFFFFFFFF80
:20C0E000FFFFFFFFFFFFFFFFFFFFFFFFFFFFFFFFFFFFFFFFFFFFFFFFFFFFFFFFFFFFFFFF60
:20C10000FFFFFFFFFFFFFFFFFFFFFFFFFFFFFFFFFFFFFFFFFFFFFFFFFFFFFFFFFFFFFFFF3F
:20C12000FFFFFFFFFFFFFFFFFFFFFFFFFFFFFFFFFFFFFFFFFFFFFFFFFFFFFFFFFFFFFFFF1F
:20C14000FFFFFFFFFFFFFFFFFFFFFFFFFFFFFFFFFFFFFFFFFFFFFFFFFFFFFFFFFFFFFFFFFF
:20C16000FFFFFFFFFFFFFFFFFFFFFFFFFFFFFFFFFFFFFFFFFFFFFFFFFFFFFFFFFFFFFFFFDF
:20C18000FFFFFFFFFFFFFFFFFFFFFFFFFFFFFFFFFFFFFFFFFFFFFFFFFFFFFFFFFFFFFFFFBF
:20C1A000FFFFFFFFFFFFFFFFFFFFFFFFFFFFFFFFFFFFFFFFFFFFFFFFFFFFFFFFFFFFFFFF9F
:20C1C000FFFFFFFFFFFFFFFFFFFFFFFFFFFFFFFFFFFFFFFFFFFFFFFFFFFFFFFFFFFFFFFF7F
:20C1E000FFFFFFFFFFFFFFFFFFFFFFFFFFFFFFFFFFFFFFFFFFFFFFFFFFFFFFFFFFFFFFFF5F
:20C20000FFFFFFFFFFFFFFFFFFFFFFFFFFFFFFFFFFFFFFFFFFFFFFFFFFFFFFFFFFFFFFFF3E
:20C22000FFFFFFFFFFFFFFFFFFFFFFFFFFFFFFFFFFFFFFFFFFFFFFFFFFFFFFFFFFFFFFFF1E
:20C24000FFFFFFFFFFFFFFFFFFFFFFFFFFFFFFFFFFFFFFFFFFFFFFFFFFFFFFFFFFFFFFFFFE
:20C26000FFFFFFFFFFFFFFFFFFFFFFFFFFFFFFFFFFFFFFFFFFFFFFFFFFFFFFFFFFFFFFFFDE
:20C28000FFFFFFFFFFFFFFFFFFFFFFFFFFFFFFFFFFFFFFFFFFFFFFFFFFFFFFFFFFFFFFFFBE
:20C2A000FFFFFFFFFFFFFFFFFFFFFFFFFFFFFFFFFFFFFFFFFFFFFFFFFFFFFFFFFFFFFFFF9E
:20C2C000FFFFFFFFFFFFFFFFFFFFFFFFFFFFFFFFFFFFFFFFFFFFFFFFFFFFFFFFFFFFFFFF7E
:20C2E000FFFFFFFFFFFFFFFFFFFFFFFFFFFFFFFFFFFFFFFFFFFFFFFFFFFFFFFFFFFFFFFF5E
:20C30000FFFFFFFFFFFFFFFFFFFFFFFFFFFFFFFFFFFFFFFFFFFFFFFFFFFFFFFFFFFFFFFF3D
:20C32000FFFFFFFFFFFFFFFFFFFFFFFFFFFFFFFFFFFFFFFFFFFFFFFFFFFFFFFFFFFFFFFF1D
:20C34000FFFFFFFFFFFFFFFFFFFFFFFFFFFFFFFFFFFFFFFFFFFFFFFFFFFFFFFFFFFFFFFFFD
:20C36000FFFFFFFFFFFFFFFFFFFFFFFFFFFFFFFFFFFFFFFFFFFFFFFFFFFFFFFFFFFFFFFFDD
:20C38000FFFFFFFFFFFFFFFFFFFFFFFFFFFFFFFFFFFFFFFFFFFFFFFFFFFFFFFFFFFFFFFFBD
:20C3A000FFFFFFFFFFFFFFFFFFFFFFFFFFFFFFFFFFFFFFFFFFFFFFFFFFFFFFFFFFFFFFFF9D
:20C3C000FFFFFFFFFFFFFFFFFFFFFFFFFFFFFFFFFFFFFFFFFFFFFFFFFFFFFFFFFFFFFFFF7D
:20C3E000FFFFFFFFFFFFFFFFFFFFFFFFFFFFFFFFFFFFFFFFFFFFFFFFFFFFFFFFFFFFFFFF5D
:20C40000FFFFFFFFFFFFFFFFFFFFFFFFFFFFFFFFFFFFFFFFFFFFFFFFFFFFFFFFFFFFFFFF3C
:20C42000FFFFFFFFFFFFFFFFFFFFFFFFFFFFFFFFFFFFFFFFFFFFFFFFFFFFFFFFFFFFFFFF1C
:20C44000FFFFFFFFFFFFFFFFFFFFFFFFFFFFFFFFFFFFFFFFFFFFFFFFFFFFFFFFFFFFFFFFFC
:20C46000FFFFFFFFFFFFFFFFFFFFFFFFFFFFFFFFFFFFFFFFFFFFFFFFFFFFFFFFFFFFFFFFDC
:20C48000FFFFFFFFFFFFFFFFFFFFFFFFFFFFFFFFFFFFFFFFFFFFFFFFFFFFFFFFFFFFFFFFBC
:20C4A000FFFFFFFFFFFFFFFFFFFFFFFFFFFFFFFFFFFFFFFFFFFFFFFFFFFFFFFFFFFFFFFF9C
:20C4C000FFFFFFFFFFFFFFFFFFFFFFFFFFFFFFFFFFFFFFFFFFFFFFFFFFFFFFFFFFFFFFFF7C
:20C4E000FFFFFFFFFFFFFFFFFFFFFFFFFFFFFFFFFFFFFFFFFFFFFFFFFFFFFFFFFFFFFFFF5C
:20C50000FFFFFFFFFFFFFFFFFFFFFFFFFFFFFFFFFFFFFFFFFFFFFFFFFFFFFFFFFFFFFFFF3B
:20C52000FFFFFFFFFFFFFFFFFFFFFFFFFFFFFFFFFFFFFFFFFFFFFFFFFFFFFFFFFFFFFFFF1B
:20C54000FFFFFFFFFFFFFFFFFFFFFFFFFFFFFFFFFFFFFFFFFFFFFFFFFFFFFFFFFFFFFFFFFB
:20C56000FFFFFFFFFFFFFFFFFFFFFFFFFFFFFFFFFFFFFFFFFFFFFFFFFFFFFFFFFFFFFFFFDB
:20C58000FFFFFFFFFFFFFFFFFFFFFFFFFFFFFFFFFFFFFFFFFFFFFFFFFFFFFFFFFFFFFFFFBB
:20C5A000FFFFFFFFFFFFFFFFFFFFFFFFFFFFFFFFFFFFFFFFFFFFFFFFFFFFFFFFFFFFFFFF9B
:20C5C000FFFFFFFFFFFFFFFFFFFFFFFFFFFFFFFFFFFFFFFFFFFFFFFFFFFFFFFFFFFFFFFF7B
:20C5E000FFFFFFFFFFFFFFFFFFFFFFFFFFFFFFFFFFFFFFFFFFFFFFFFFFFFFFFFFFFFFFFF5B
:20C60000FFFFFFFFFFFFFFFFFFFFFFFFFFFFFFFFFFFFFFFFFFFFFFFFFFFFFFFFFFFFFFFF3A
:20C62000FFFFFFFFFFFFFFFFFFFFFFFFFFFFFFFFFFFFFFFFFFFFFFFFFFFFFFFFFFFFFFFF1A
:20C64000FFFFFFFFFFFFFFFFFFFFFFFFFFFFFFFFFFFFFFFFFFFFFFFFFFFFFFFFFFFFFFFFFA
:20C66000FFFFFFFFFFFFFFFFFFFFFFFFFFFFFFFFFFFFFFFFFFFFFFFFFFFFFFFFFFFFFFFFDA
:20C68000FFFFFFFFFFFFFFFFFFFFFFFFFFFFFFFFFFFFFFFFFFFFFFFFFFFFFFFFFFFFFFFFBA
:20C6A000FFFFFFFFFFFFFFFFFFFFFFFFFFFFFFFFFFFFFFFFFFFFFFFFFFFFFFFFFFFFFFFF9A
:20C6C000FFFFFFFFFFFFFFFFFFFFFFFFFFFFFFFFFFFFFFFFFFFFFFFFFFFFFFFFFFFFFFFF7A
:20C6E000FFFFFFFFFFFFFFFFFFFFFFFFFFFFFFFFFFFFFFFFFFFFFFFFFFFFFFFFFFFFFFFF5A
:20C70000FFFFFFFFFFFFFFFFFFFFFFFFFFFFFFFFFFFFFFFFFFFFFFFFFFFFFFFFFFFFFFFF39
:20C72000FFFFFFFFFFFFFFFFFFFFFFFFFFFFFFFFFFFFFFFFFFFFFFFFFFFFFFFFFFFFFFFF19
:20C74000FFFFFFFFFFFFFFFFFFFFFFFFFFFFFFFFFFFFFFFFFFFFFFFFFFFFFFFFFFFFFFFFF9
:20C76000FFFFFFFFFFFFFFFFFFFFFFFFFFFFFFFFFFFFFFFFFFFFFFFFFFFFFFFFFFFFFFFFD9
:20C78000FFFFFFFFFFFFFFFFFFFFFFFFFFFFFFFFFFFFFFFFFFFFFFFFFFFFFFFFFFFFFFFFB9
:20C7A000FFFFFFFFFFFFFFFFFFFFFFFFFFFFFFFFFFFFFFFFFFFFFFFFFFFFFFFFFFFFFFFF99
:20C7C000FFFFFFFFFFFFFFFFFFFFFFFFFFFFFFFFFFFFFFFFFFFFFFFFFFFFFFFFFFFFFFFF79
:20C7E000FFFFFFFFFFFFFFFFFFFFFFFFFFFFFFFFFFFFFFFFFFFFFFFFFFFFFFFFFFFFFFFF59
:20C80000FFFFFFFFFFFFFFFFFFFFFFFFFFFFFFFFFFFFFFFFFFFFFFFFFFFFFFFFFFFFFFFF38
:20C82000FFFFFFFFFFFFFFFFFFFFFFFFFFFFFFFFFFFFFFFFFFFFFFFFFFFFFFFFFFFFFFFF18
:20C84000FFFFFFFFFFFFFFFFFFFFFFFFFFFFFFFFFFFFFFFFFFFFFFFFFFFFFFFFFFFFFFFFF8
:20C86000FFFFFFFFFFFFFFFFFFFFFFFFFFFFFFFFFFFFFFFFFFFFFFFFFFFFFFFFFFFFFFFFD8
:20C88000FFFFFFFFFFFFFFFFFFFFFFFFFFFFFFFFFFFFFFFFFFFFFFFFFFFFFFFFFFFFFFFFB8
:20C8A000FFFFFFFFFFFFFFFFFFFFFFFFFFFFFFFFFFFFFFFFFFFFFFFFFFFFFFFFFFFFFFFF98
:20C8C000FFFFFFFFFFFFFFFFFFFFFFFFFFFFFFFFFFFFFFFFFFFFFFFFFFFFFFFFFFFFFFFF78
:20C8E000FFFFFFFFFFFFFFFFFFFFFFFFFFFFFFFFFFFFFFFFFFFFFFFFFFFFFFFFFFFFFFFF58
:20C90000FFFFFFFFFFFFFFFFFFFFFFFFFFFFFFFFFFFFFFFFFFFFFFFFFFFFFFFFFFFFFFFF37
:20C92000FFFFFFFFFFFFFFFFFFFFFFFFFFFFFFFFFFFFFFFFFFFFFFFFFFFFFFFFFFFFFFFF17
:20C94000FFFFFFFFFFFFFFFFFFFFFFFFFFFFFFFFFFFFFFFFFFFFFFFFFFFFFFFFFFFFFFFFF7
:20C96000FFFFFFFFFFFFFFFFFFFFFFFFFFFFFFFFFFFFFFFFFFFFFFFFFFFFFFFFFFFFFFFFD7
:20C98000FFFFFFFFFFFFFFFFFFFFFFFFFFFFFFFFFFFFFFFFFFFFFFFFFFFFFFFFFFFFFFFFB7
:20C9A000FFFFFFFFFFFFFFFFFFFFFFFFFFFFFFFFFFFFFFFFFFFFFFFFFFFFFFFFFFFFFFFF97
:20C9C000FFFFFFFFFFFFFFFFFFFFFFFFFFFFFFFFFFFFFFFFFFFFFFFFFFFFFFFFFFFFFFFF77
:20C9E000FFFFFFFFFFFFFFFFFFFFFFFFFFFFFFFFFFFFFFFFFFFFFFFFFFFFFFFFFFFFFFFF57
:20CA0000FFFFFFFFFFFFFFFFFFFFFFFFFFFFFFFFFFFFFFFFFFFFFFFFFFFFFFFFFFFFFFFF36
:20CA2000FFFFFFFFFFFFFFFFFFFFFFFFFFFFFFFFFFFFFFFFFFFFFFFFFFFFFFFFFFFFFFFF16
:20CA4000FFFFFFFFFFFFFFFFFFFFFFFFFFFFFFFFFFFFFFFFFFFFFFFFFFFFFFFFFFFFFFFFF6
:20CA6000FFFFFFFFFFFFFFFFFFFFFFFFFFFFFFFFFFFFFFFFFFFFFFFFFFFFFFFFFFFFFFFFD6
:20CA8000FFFFFFFFFFFFFFFFFFFFFFFFFFFFFFFFFFFFFFFFFFFFFFFFFFFFFFFFFFFFFFFFB6
:20CAA000FFFFFFFFFFFFFFFFFFFFFFFFFFFFFFFFFFFFFFFFFFFFFFFFFFFFFFFFFFFFFFFF96
:20CAC000FFFFFFFFFFFFFFFFFFFFFFFFFFFFFFFFFFFFFFFFFFFFFFFFFFFFFFFFFFFFFFFF76
:20CAE000FFFFFFFFFFFFFFFFFFFFFFFFFFFFFFFFFFFFFFFFFFFFFFFFFFFFFFFFFFFFFFFF56
:20CB0000FFFFFFFFFFFFFFFFFFFFFFFFFFFFFFFFFFFFFFFFFFFFFFFFFFFFFFFFFFFFFFFF35
:20CB2000FFFFFFFFFFFFFFFFFFFFFFFFFFFFFFFFFFFFFFFFFFFFFFFFFFFFFFFFFFFFFFFF15
:20CB4000FFFFFFFFFFFFFFFFFFFFFFFFFFFFFFFFFFFFFFFFFFFFFFFFFFFFFFFFFFFFFFFFF5
:20CB6000FFFFFFFFFFFFFFFFFFFFFFFFFFFFFFFFFFFFFFFFFFFFFFFFFFFFFFFFFFFFFFFFD5
:20CB8000FFFFFFFFFFFFFFFFFFFFFFFFFFFFFFFFFFFFFFFFFFFFFFFFFFFFFFFFFFFFFFFFB5
:20CBA000FFFFFFFFFFFFFFFFFFFFFFFFFFFFFFFFFFFFFFFFFFFFFFFFFFFFFFFFFFFFFFFF95
:20CBC000FFFFFFFFFFFFFFFFFFFFFFFFFFFFFFFFFFFFFFFFFFFFFFFFFFFFFFFFFFFFFFFF75
:20CBE000FFFFFFFFFFFFFFFFFFFFFFFFFFFFFFFFFFFFFFFFFFFFFFFFFFFFFFFFFFFFFFFF55
:20CC0000FFFFFFFFFFFFFFFFFFFFFFFFFFFFFFFFFFFFFFFFFFFFFFFFFFFFFFFFFFFFFFFF34
:20CC2000FFFFFFFFFFFFFFFFFFFFFFFFFFFFFFFFFFFFFFFFFFFFFFFFFFFFFFFFFFFFFFFF14
:20CC4000FFFFFFFFFFFFFFFFFFFFFFFFFFFFFFFFFFFFFFFFFFFFFFFFFFFFFFFFFFFFFFFFF4
:20CC6000FFFFFFFFFFFFFFFFFFFFFFFFFFFFFFFFFFFFFFFFFFFFFFFFFFFFFFFFFFFFFFFFD4
:20CC8000FFFFFFFFFFFFFFFFFFFFFFFFFFFFFFFFFFFFFFFFFFFFFFFFFFFFFFFFFFFFFFFFB4
:20CCA000FFFFFFFFFFFFFFFFFFFFFFFFFFFFFFFFFFFFFFFFFFFFFFFFFFFFFFFFFFFFFFFF94
:20CCC000FFFFFFFFFFFFFFFFFFFFFFFFFFFFFFFFFFFFFFFFFFFFFFFFFFFFFFFFFFFFFFFF74
:20CCE000FFFFFFFFFFFFFFFFFFFFFFFFFFFFFFFFFFFFFFFFFFFFFFFFFFFFFFFFFFFFFFFF54
:20CD0000FFFFFFFFFFFFFFFFFFFFFFFFFFFFFFFFFFFFFFFFFFFFFFFFFFFFFFFFFFFFFFFF33
:20CD2000FFFFFFFFFFFFFFFFFFFFFFFFFFFFFFFFFFFFFFFFFFFFFFFFFFFFFFFFFFFFFFFF13
:20CD4000FFFFFFFFFFFFFFFFFFFFFFFFFFFFFFFFFFFFFFFFFFFFFFFFFFFFFFFFFFFFFFFFF3
:20CD6000FFFFFFFFFFFFFFFFFFFFFFFFFFFFFFFFFFFFFFFFFFFFFFFFFFFFFFFFFFFFFFFFD3
:20CD8000FFFFFFFFFFFFFFFFFFFFFFFFFFFFFFFFFFFFFFFFFFFFFFFFFFFFFFFFFFFFFFFFB3
:20CDA000FFFFFFFFFFFFFFFFFFFFFFFFFFFFFFFFFFFFFFFFFFFFFFFFFFFFFFFFFFFFFFFF93
:20CDC000FFFFFFFFFFFFFFFFFFFFFFFFFFFFFFFFFFFFFFFFFFFFFFFFFFFFFFFFFFFFFFFF73
:20CDE000FFFFFFFFFFFFFFFFFFFFFFFFFFFFFFFFFFFFFFFFFFFFFFFFFFFFFFFFFFFFFFFF53
:20CE0000FFFFFFFFFFFFFFFFFFFFFFFFFFFFFFFFFFFFFFFFFFFFFFFFFFFFFFFFFFFFFFFF32
:20CE2000FFFFFFFFFFFFFFFFFFFFFFFFFFFFFFFFFFFFFFFFFFFFFFFFFFFFFFFFFFFFFFFF12
:20CE4000FFFFFFFFFFFFFFFFFFFFFFFFFFFFFFFFFFFFFFFFFFFFFFFFFFFFFFFFFFFFFFFFF2
:20CE6000FFFFFFFFFFFFFFFFFFFFFFFFFFFFFFFFFFFFFFFFFFFFFFFFFFFFFFFFFFFFFFFFD2
:20CE8000FFFFFFFFFFFFFFFFFFFFFFFFFFFFFFFFFFFFFFFFFFFFFFFFFFFFFFFFFFFFFFFFB2
:20CEA000FFFFFFFFFFFFFFFFFFFFFFFFFFFFFFFFFFFFFFFFFFFFFFFFFFFFFFFFFFFFFFFF92
:20CEC000FFFFFFFFFFFFFFFFFFFFFFFFFFFFFFFFFFFFFFFFFFFFFFFFFFFFFFFFFFFFFFFF72
:20CEE000FFFFFFFFFFFFFFFFFFFFFFFFFFFFFFFFFFFFFFFFFFFFFFFFFFFFFFFFFFFFFFFF52
:20CF0000FFFFFFFFFFFFFFFFFFFFFFFFFFFFFFFFFFFFFFFFFFFFFFFFFFFFFFFFFFFFFFFF31
:20CF2000FFFFFFFFFFFFFFFFFFFFFFFFFFFFFFFFFFFFFFFFFFFFFFFFFFFFFFFFFFFFFFFF11
:20CF4000FFFFFFFFFFFFFFFFFFFFFFFFFFFFFFFFFFFFFFFFFFFFFFFFFFFFFFFFFFFFFFFFF1
:20CF6000FFFFFFFFFFFFFFFFFFFFFFFFFFFFFFFFFFFFFFFFFFFFFFFFFFFFFFFFFFFFFFFFD1
:20CF8000FFFFFFFFFFFFFFFFFFFFFFFFFFFFFFFFFFFFFFFFFFFFFFFFFFFFFFFFFFFFFFFFB1
:20CFA000FFFFFFFFFFFFFFFFFFFFFFFFFFFFFFFFFFFFFFFFFFFFFFFFFFFFFFFFFFFFFFFF91
:20CFC000FFFFFFFFFFFFFFFFFFFFFFFFFFFFFFFFFFFFFFFFFFFFFFFFFFFFFFFFFFFFFFFF71
:20CFE000FFFFFFFFFFFFFFFFFFFFFFFFFFFFFFFFFFFFFFFFFFFFFFFFFFFFFFFFFFFFFFFF51
:20D00000FFFFFFFFFFFFFFFFFFFFFFFFFFFFFFFFFFFFFFFFFFFFFFFFFFFFFFFFFFFFFFFF30
:20D02000FFFFFFFFFFFFFFFFFFFFFFFFFFFFFFFFFFFFFFFFFFFFFFFFFFFFFFFFFFFFFFFF10
:20D04000FFFFFFFFFFFFFFFFFFFFFFFFFFFFFFFFFFFFFFFFFFFFFFFFFFFFFFFFFFFFFFFFF0
:20D06000FFFFFFFFFFFFFFFFFFFFFFFFFFFFFFFFFFFFFFFFFFFFFFFFFFFFFFFFFFFFFFFFD0
:20D08000FFFFFFFFFFFFFFFFFFFFFFFFFFFFFFFFFFFFFFFFFFFFFFFFFFFFFFFFFFFFFFFFB0
:20D0A000FFFFFFFFFFFFFFFFFFFFFFFFFFFFFFFFFFFFFFFFFFFFFFFFFFFFFFFFFFFFFFFF90
:20D0C000FFFFFFFFFFFFFFFFFFFFFFFFFFFFFFFFFFFFFFFFFFFFFFFFFFFFFFFFFFFFFFFF70
:20D0E000FFFFFFFFFFFFFFFFFFFFFFFFFFFFFFFFFFFFFFFFFFFFFFFFFFFFFFFFFFFFFFFF50
:20D10000FFFFFFFFFFFFFFFFFFFFFFFFFFFFFFFFFFFFFFFFFFFFFFFFFFFFFFFFFFFFFFFF2F
:20D12000FFFFFFFFFFFFFFFFFFFFFFFFFFFFFFFFFFFFFFFFFFFFFFFFFFFFFFFFFFFFFFFF0F
:20D14000FFFFFFFFFFFFFFFFFFFFFFFFFFFFFFFFFFFFFFFFFFFFFFFFFFFFFFFFFFFFFFFFEF
:20D16000FFFFFFFFFFFFFFFFFFFFFFFFFFFFFFFFFFFFFFFFFFFFFFFFFFFFFFFFFFFFFFFFCF
:20D18000FFFFFFFFFFFFFFFFFFFFFFFFFFFFFFFFFFFFFFFFFFFFFFFFFFFFFFFFFFFFFFFFAF
:20D1A000FFFFFFFFFFFFFFFFFFFFFFFFFFFFFFFFFFFFFFFFFFFFFFFFFFFFFFFFFFFFFFFF8F
:20D1C000FFFFFFFFFFFFFFFFFFFFFFFFFFFFFFFFFFFFFFFFFFFFFFFFFFFFFFFFFFFFFFFF6F
:20D1E000FFFFFFFFFFFFFFFFFFFFFFFFFFFFFFFFFFFFFFFFFFFFFFFFFFFFFFFFFFFFFFFF4F
:20D20000FFFFFFFFFFFFFFFFFFFFFFFFFFFFFFFFFFFFFFFFFFFFFFFFFFFFFFFFFFFFFFFF2E
:20D22000FFFFFFFFFFFFFFFFFFFFFFFFFFFFFFFFFFFFFFFFFFFFFFFFFFFFFFFFFFFFFFFF0E
:20D24000FFFFFFFFFFFFFFFFFFFFFFFFFFFFFFFFFFFFFFFFFFFFFFFFFFFFFFFFFFFFFFFFEE
:20D26000FFFFFFFFFFFFFFFFFFFFFFFFFFFFFFFFFFFFFFFFFFFFFFFFFFFFFFFFFFFFFFFFCE
:20D28000FFFFFFFFFFFFFFFFFFFFFFFFFFFFFFFFFFFFFFFFFFFFFFFFFFFFFFFFFFFFFFFFAE
:20D2A000FFFFFFFFFFFFFFFFFFFFFFFFFFFFFFFFFFFFFFFFFFFFFFFFFFFFFFFFFFFFFFFF8E
:20D2C000FFFFFFFFFFFFFFFFFFFFFFFFFFFFFFFFFFFFFFFFFFFFFFFFFFFFFFFFFFFFFFFF6E
:20D2E000FFFFFFFFFFFFFFFFFFFFFFFFFFFFFFFFFFFFFFFFFFFFFFFFFFFFFFFFFFFFFFFF4E
:20D30000FFFFFFFFFFFFFFFFFFFFFFFFFFFFFFFFFFFFFFFFFFFFFFFFFFFFFFFFFFFFFFFF2D
:20D32000FFFFFFFFFFFFFFFFFFFFFFFFFFFFFFFFFFFFFFFFFFFFFFFFFFFFFFFFFFFFFFFF0D
:20D34000FFFFFFFFFFFFFFFFFFFFFFFFFFFFFFFFFFFFFFFFFFFFFFFFFFFFFFFFFFFFFFFFED
:20D36000FFFFFFFFFFFFFFFFFFFFFFFFFFFFFFFFFFFFFFFFFFFFFFFFFFFFFFFFFFFFFFFFCD
:20D38000FFFFFFFFFFFFFFFFFFFFFFFFFFFFFFFFFFFFFFFFFFFFFFFFFFFFFFFFFFFFFFFFAD
:20D3A000FFFFFFFFFFFFFFFFFFFFFFFFFFFFFFFFFFFFFFFFFFFFFFFFFFFFFFFFFFFFFFFF8D
:20D3C000FFFFFFFFFFFFFFFFFFFFFFFFFFFFFFFFFFFFFFFFFFFFFFFFFFFFFFFFFFFFFFFF6D
:20D3E000FFFFFFFFFFFFFFFFFFFFFFFFFFFFFFFFFFFFFFFFFFFFFFFFFFFFFFFFFFFFFFFF4D
:20D40000FFFFFFFFFFFFFFFFFFFFFFFFFFFFFFFFFFFFFFFFFFFFFFFFFFFFFFFFFFFFFFFF2C
:20D42000FFFFFFFFFFFFFFFFFFFFFFFFFFFFFFFFFFFFFFFFFFFFFFFFFFFFFFFFFFFFFFFF0C
:20D44000FFFFFFFFFFFFFFFFFFFFFFFFFFFFFFFFFFFFFFFFFFFFFFFFFFFFFFFFFFFFFFFFEC
:20D46000FFFFFFFFFFFFFFFFFFFFFFFFFFFFFFFFFFFFFFFFFFFFFFFFFFFFFFFFFFFFFFFFCC
:20D48000FFFFFFFFFFFFFFFFFFFFFFFFFFFFFFFFFFFFFFFFFFFFFFFFFFFFFFFFFFFFFFFFAC
:20D4A000FFFFFFFFFFFFFFFFFFFFFFFFFFFFFFFFFFFFFFFFFFFFFFFFFFFFFFFFFFFFFFFF8C
:20D4C000FFFFFFFFFFFFFFFFFFFFFFFFFFFFFFFFFFFFFFFFFFFFFFFFFFFFFFFFFFFFFFFF6C
:20D4E000FFFFFFFFFFFFFFFFFFFFFFFFFFFFFFFFFFFFFFFFFFFFFFFFFFFFFFFFFFFFFFFF4C
:20D50000FFFFFFFFFFFFFFFFFFFFFFFFFFFFFFFFFFFFFFFFFFFFFFFFFFFFFFFFFFFFFFFF2B
:20D52000FFFFFFFFFFFFFFFFFFFFFFFFFFFFFFFFFFFFFFFFFFFFFFFFFFFFFFFFFFFFFFFF0B
:20D54000FFFFFFFFFFFFFFFFFFFFFFFFFFFFFFFFFFFFFFFFFFFFFFFFFFFFFFFFFFFFFFFFEB
:20D56000FFFFFFFFFFFFFFFFFFFFFFFFFFFFFFFFFFFFFFFFFFFFFFFFFFFFFFFFFFFFFFFFCB
:20D58000FFFFFFFFFFFFFFFFFFFFFFFFFFFFFFFFFFFFFFFFFFFFFFFFFFFFFFFFFFFFFFFFAB
:20D5A000FFFFFFFFFFFFFFFFFFFFFFFFFFFFFFFFFFFFFFFFFFFFFFFFFFFFFFFFFFFFFFFF8B
:20D5C000FFFFFFFFFFFFFFFFFFFFFFFFFFFFFFFFFFFFFFFFFFFFFFFFFFFFFFFFFFFFFFFF6B
:20D5E000FFFFFFFFFFFFFFFFFFFFFFFFFFFFFFFFFFFFFFFFFFFFFFFFFFFFFFFFFFFFFFFF4B
:20D60000FFFFFFFFFFFFFFFFFFFFFFFFFFFFFFFFFFFFFFFFFFFFFFFFFFFFFFFFFFFFFFFF2A
:20D62000FFFFFFFFFFFFFFFFFFFFFFFFFFFFFFFFFFFFFFFFFFFFFFFFFFFFFFFFFFFFFFFF0A
:20D64000FFFFFFFFFFFFFFFFFFFFFFFFFFFFFFFFFFFFFFFFFFFFFFFFFFFFFFFFFFFFFFFFEA
:20D66000FFFFFFFFFFFFFFFFFFFFFFFFFFFFFFFFFFFFFFFFFFFFFFFFFFFFFFFFFFFFFFFFCA
:20D68000FFFFFFFFFFFFFFFFFFFFFFFFFFFFFFFFFFFFFFFFFFFFFFFFFFFFFFFFFFFFFFFFAA
:20D6A000FFFFFFFFFFFFFFFFFFFFFFFFFFFFFFFFFFFFFFFFFFFFFFFFFFFFFFFFFFFFFFFF8A
:20D6C000FFFFFFFFFFFFFFFFFFFFFFFFFFFFFFFFFFFFFFFFFFFFFFFFFFFFFFFFFFFFFFFF6A
:20D6E000FFFFFFFFFFFFFFFFFFFFFFFFFFFFFFFFFFFFFFFFFFFFFFFFFFFFFFFFFFFFFFFF4A
:20D70000FFFFFFFFFFFFFFFFFFFFFFFFFFFFFFFFFFFFFFFFFFFFFFFFFFFFFFFFFFFFFFFF29
:20D72000FFFFFFFFFFFFFFFFFFFFFFFFFFFFFFFFFFFFFFFFFFFFFFFFFFFFFFFFFFFFFFFF09
:20D74000FFFFFFFFFFFFFFFFFFFFFFFFFFFFFFFFFFFFFFFFFFFFFFFFFFFFFFFFFFFFFFFFE9
:20D76000FFFFFFFFFFFFFFFFFFFFFFFFFFFFFFFFFFFFFFFFFFFFFFFFFFFFFFFFFFFFFFFFC9
:20D78000FFFFFFFFFFFFFFFFFFFFFFFFFFFFFFFFFFFFFFFFFFFFFFFFFFFFFFFFFFFFFFFFA9
:20D7A000FFFFFFFFFFFFFFFFFFFFFFFFFFFFFFFFFFFFFFFFFFFFFFFFFFFFFFFFFFFFFFFF89
:20D7C000FFFFFFFFFFFFFFFFFFFFFFFFFFFFFFFFFFFFFFFFFFFFFFFFFFFFFFFFFFFFFFFF69
:20D7E000FFFFFFFFFFFFFFFFFFFFFFFFFFFFFFFFFFFFFFFFFFFFFFFFFFFFFFFFFFFFFFFF49
:20D80000FFFFFFFFFFFFFFFFFFFFFFFFFFFFFFFFFFFFFFFFFFFFFFFFFFFFFFFFFFFFFFFF28
:20D82000FFFFFFFFFFFFFFFFFFFFFFFFFFFFFFFFFFFFFFFFFFFFFFFFFFFFFFFFFFFFFFFF08
:20D84000FFFFFFFFFFFFFFFFFFFFFFFFFFFFFFFFFFFFFFFFFFFFFFFFFFFFFFFFFFFFFFFFE8
:20D86000FFFFFFFFFFFFFFFFFFFFFFFFFFFFFFFFFFFFFFFFFFFFFFFFFFFFFFFFFFFFFFFFC8
:20D88000FFFFFFFFFFFFFFFFFFFFFFFFFFFFFFFFFFFFFFFFFFFFFFFFFFFFFFFFFFFFFFFFA8
:20D8A000FFFFFFFFFFFFFFFFFFFFFFFFFFFFFFFFFFFFFFFFFFFFFFFFFFFFFFFFFFFFFFFF88
:20D8C000FFFFFFFFFFFFFFFFFFFFFFFFFFFFFFFFFFFFFFFFFFFFFFFFFFFFFFFFFFFFFFFF68
:20D8E000FFFFFFFFFFFFFFFFFFFFFFFFFFFFFFFFFFFFFFFFFFFFFFFFFFFFFFFFFFFFFFFF48
:20D90000FFFFFFFFFFFFFFFFFFFFFFFFFFFFFFFFFFFFFFFFFFFFFFFFFFFFFFFFFFFFFFFF27
:20D92000FFFFFFFFFFFFFFFFFFFFFFFFFFFFFFFFFFFFFFFFFFFFFFFFFFFFFFFFFFFFFFFF07
:20D94000FFFFFFFFFFFFFFFFFFFFFFFFFFFFFFFFFFFFFFFFFFFFFFFFFFFFFFFFFFFFFFFFE7
:20D96000FFFFFFFFFFFFFFFFFFFFFFFFFFFFFFFFFFFFFFFFFFFFFFFFFFFFFFFFFFFFFFFFC7
:20D98000FFFFFFFFFFFFFFFFFFFFFFFFFFFFFFFFFFFFFFFFFFFFFFFFFFFFFFFFFFFFFFFFA7
:20D9A000FFFFFFFFFFFFFFFFFFFFFFFFFFFFFFFFFFFFFFFFFFFFFFFFFFFFFFFFFFFFFFFF87
:20D9C000FFFFFFFFFFFFFFFFFFFFFFFFFFFFFFFFFFFFFFFFFFFFFFFFFFFFFFFFFFFFFFFF67
:20D9E000FFFFFFFFFFFFFFFFFFFFFFFFFFFFFFFFFFFFFFFFFFFFFFFFFFFFFFFFFFFFFFFF47
:20DA0000FFFFFFFFFFFFFFFFFFFFFFFFFFFFFFFFFFFFFFFFFFFFFFFFFFFFFFFFFFFFFFFF26
:20DA2000FFFFFFFFFFFFFFFFFFFFFFFFFFFFFFFFFFFFFFFFFFFFFFFFFFFFFFFFFFFFFFFF06
:20DA4000FFFFFFFFFFFFFFFFFFFFFFFFFFFFFFFFFFFFFFFFFFFFFFFFFFFFFFFFFFFFFFFFE6
:20DA6000FFFFFFFFFFFFFFFFFFFFFFFFFFFFFFFFFFFFFFFFFFFFFFFFFFFFFFFFFFFFFFFFC6
:20DA8000FFFFFFFFFFFFFFFFFFFFFFFFFFFFFFFFFFFFFFFFFFFFFFFFFFFFFFFFFFFFFFFFA6
:20DAA000FFFFFFFFFFFFFFFFFFFFFFFFFFFFFFFFFFFFFFFFFFFFFFFFFFFFFFFFFFFFFFFF86
:20DAC000FFFFFFFFFFFFFFFFFFFFFFFFFFFFFFFFFFFFFFFFFFFFFFFFFFFFFFFFFFFFFFFF66
:20DAE000FFFFFFFFFFFFFFFFFFFFFFFFFFFFFFFFFFFFFFFFFFFFFFFFFFFFFFFFFFFFFFFF46
:20DB0000FFFFFFFFFFFFFFFFFFFFFFFFFFFFFFFFFFFFFFFFFFFFFFFFFFFFFFFFFFFFFFFF25
:20DB2000FFFFFFFFFFFFFFFFFFFFFFFFFFFFFFFFFFFFFFFFFFFFFFFFFFFFFFFFFFFFFFFF05
:20DB4000FFFFFFFFFFFFFFFFFFFFFFFFFFFFFFFFFFFFFFFFFFFFFFFFFFFFFFFFFFFFFFFFE5
:20DB6000FFFFFFFFFFFFFFFFFFFFFFFFFFFFFFFFFFFFFFFFFFFFFFFFFFFFFFFFFFFFFFFFC5
:20DB8000FFFFFFFFFFFFFFFFFFFFFFFFFFFFFFFFFFFFFFFFFFFFFFFFFFFFFFFFFFFFFFFFA5
:20DBA000FFFFFFFFFFFFFFFFFFFFFFFFFFFFFFFFFFFFFFFFFFFFFFFFFFFFFFFFFFFFFFFF85
:20DBC000FFFFFFFFFFFFFFFFFFFFFFFFFFFFFFFFFFFFFFFFFFFFFFFFFFFFFFFFFFFFFFFF65
:20DBE000FFFFFFFFFFFFFFFFFFFFFFFFFFFFFFFFFFFFFFFFFFFFFFFFFFFFFFFFFFFFFFFF45
:20DC0000FFFFFFFFFFFFFFFFFFFFFFFFFFFFFFFFFFFFFFFFFFFFFFFFFFFFFFFFFFFFFFFF24
:20DC2000FFFFFFFFFFFFFFFFFFFFFFFFFFFFFFFFFFFFFFFFFFFFFFFFFFFFFFFFFFFFFFFF04
:20DC4000FFFFFFFFFFFFFFFFFFFFFFFFFFFFFFFFFFFFFFFFFFFFFFFFFFFFFFFFFFFFFFFFE4
:20DC6000FFFFFFFFFFFFFFFFFFFFFFFFFFFFFFFFFFFFFFFFFFFFFFFFFFFFFFFFFFFFFFFFC4
:20DC8000FFFFFFFFFFFFFFFFFFFFFFFFFFFFFFFFFFFFFFFFFFFFFFFFFFFFFFFFFFFFFFFFA4
:20DCA000FFFFFFFFFFFFFFFFFFFFFFFFFFFFFFFFFFFFFFFFFFFFFFFFFFFFFFFFFFFFFFFF84
:20DCC000FFFFFFFFFFFFFFFFFFFFFFFFFFFFFFFFFFFFFFFFFFFFFFFFFFFFFFFFFFFFFFFF64
:20DCE000FFFFFFFFFFFFFFFFFFFFFFFFFFFFFFFFFFFFFFFFFFFFFFFFFFFFFFFFFFFFFFFF44
:20DD0000FFFFFFFFFFFFFFFFFFFFFFFFFFFFFFFFFFFFFFFFFFFFFFFFFFFFFFFFFFFFFFFF23
:20DD2000FFFFFFFFFFFFFFFFFFFFFFFFFFFFFFFFFFFFFFFFFFFFFFFFFFFFFFFFFFFFFFFF03
:20DD4000FFFFFFFFFFFFFFFFFFFFFFFFFFFFFFFFFFFFFFFFFFFFFFFFFFFFFFFFFFFFFFFFE3
:20DD6000FFFFFFFFFFFFFFFFFFFFFFFFFFFFFFFFFFFFFFFFFFFFFFFFFFFFFFFFFFFFFFFFC3
:20DD8000FFFFFFFFFFFFFFFFFFFFFFFFFFFFFFFFFFFFFFFFFFFFFFFFFFFFFFFFFFFFFFFFA3
:20DDA000FFFFFFFFFFFFFFFFFFFFFFFFFFFFFFFFFFFFFFFFFFFFFFFFFFFFFFFFFFFFFFFF83
:20DDC000FFFFFFFFFFFFFFFFFFFFFFFFFFFFFFFFFFFFFFFFFFFFFFFFFFFFFFFFFFFFFFFF63
:20DDE000FFFFFFFFFFFFFFFFFFFFFFFFFFFFFFFFFFFFFFFFFFFFFFFFFFFFFFFFFFFFFFFF43
:20DE0000FFFFFFFFFFFFFFFFFFFFFFFFFFFFFFFFFFFFFFFFFFFFFFFFFFFFFFFFFFFFFFFF22
:20DE2000FFFFFFFFFFFFFFFFFFFFFFFFFFFFFFFFFFFFFFFFFFFFFFFFFFFFFFFFFFFFFFFF02
:20DE4000FFFFFFFFFFFFFFFFFFFFFFFFFFFFFFFFFFFFFFFFFFFFFFFFFFFFFFFFFFFFFFFFE2
:20DE6000FFFFFFFFFFFFFFFFFFFFFFFFFFFFFFFFFFFFFFFFFFFFFFFFFFFFFFFFFFFFFFFFC2
:20DE8000FFFFFFFFFFFFFFFFFFFFFFFFFFFFFFFFFFFFFFFFFFFFFFFFFFFFFFFFFFFFFFFFA2
:20DEA000FFFFFFFFFFFFFFFFFFFFFFFFFFFFFFFFFFFFFFFFFFFFFFFFFFFFFFFFFFFFFFFF82
:20DEC000FFFFFFFFFFFFFFFFFFFFFFFFFFFFFFFFFFFFFFFFFFFFFFFFFFFFFFFFFFFFFFFF62
:20DEE000FFFFFFFFFFFFFFFFFFFFFFFFFFFFFFFFFFFFFFFFFFFFFFFFFFFFFFFFFFFFFFFF42
:20DF0000FFFFFFFFFFFFFFFFFFFFFFFFFFFFFFFFFFFFFFFFFFFFFFFFFFFFFFFFFFFFFFFF21
:20DF2000FFFFFFFFFFFFFFFFFFFFFFFFFFFFFFFFFFFFFFFFFFFFFFFFFFFFFFFFFFFFFFFF01
:20DF4000FFFFFFFFFFFFFFFFFFFFFFFFFFFFFFFFFFFFFFFFFFFFFFFFFFFFFFFFFFFFFFFFE1
:20DF6000FFFFFFFFFFFFFFFFFFFFFFFFFFFFFFFFFFFFFFFFFFFFFFFFFFFFFFFFFFFFFFFFC1
:20DF8000FFFFFFFFFFFFFFFFFFFFFFFFFFFFFFFFFFFFFFFFFFFFFFFFFFFFFFFFFFFFFFFFA1
:20DFA000FFFFFFFFFFFFFFFFFFFFFFFFFFFFFFFFFFFFFFFFFFFFFFFFFFFFFFFFFFFFFFFF81
:20DFC000FFFFFFFFFFFFFFFFFFFFFFFFFFFFFFFFFFFFFFFFFFFFFFFFFFFFFFFFFFFFFFFF61
:20DFE000FFFFFFFFFFFFFFFFFFFFFFFFFFFFFFFFFFFFFFFFFFFFFFFFFFFFFFFFFFFFFFFF41
:20E00000FFFFFFFFFFFFFFFFFFFFFFFFFFFFFFFFFFFFFFFFFFFFFFFFFFFFFFFFFFFFFFFF20
:20E02000FFFFFFFFFFFFFFFFFFFFFFFFFFFFFFFFFFFFFFFFFFFFFFFFFFFFFFFFFFFFFFFF00
:20E04000FFFFFFFFFFFFFFFFFFFFFFFFFFFFFFFFFFFFFFFFFFFFFFFFFFFFFFFFFFFFFFFFE0
:20E06000FFFFFFFFFFFFFFFFFFFFFFFFFFFFFFFFFFFFFFFFFFFFFFFFFFFFFFFFFFFFFFFFC0
:20E08000FFFFFFFFFFFFFFFFFFFFFFFFFFFFFFFFFFFFFFFFFFFFFFFFFFFFFFFFFFFFFFFFA0
:20E0A000FFFFFFFFFFFFFFFFFFFFFFFFFFFFFFFFFFFFFFFFFFFFFFFFFFFFFFFFFFFFFFFF80
:20E0C000FFFFFFFFFFFFFFFFFFFFFFFFFFFFFFFFFFFFFFFFFFFFFFFFFFFFFFFFFFFFFFFF60
:20E0E000FFFFFFFFFFFFFFFFFFFFFFFFFFFFFFFFFFFFFFFFFFFFFFFFFFFFFFFFFFFFFFFF40
:20E10000FFFFFFFFFFFFFFFFFFFFFFFFFFFFFFFFFFFFFFFFFFFFFFFFFFFFFFFFFFFFFFFF1F
:20E12000FFFFFFFFFFFFFFFFFFFFFFFFFFFFFFFFFFFFFFFFFFFFFFFFFFFFFFFFFFFFFFFFFF
:20E14000FFFFFFFFFFFFFFFFFFFFFFFFFFFFFFFFFFFFFFFFFFFFFFFFFFFFFFFFFFFFFFFFDF
:20E16000FFFFFFFFFFFFFFFFFFFFFFFFFFFFFFFFFFFFFFFFFFFFFFFFFFFFFFFFFFFFFFFFBF
:20E18000FFFFFFFFFFFFFFFFFFFFFFFFFFFFFFFFFFFFFFFFFFFFFFFFFFFFFFFFFFFFFFFF9F
:20E1A000FFFFFFFFFFFFFFFFFFFFFFFFFFFFFFFFFFFFFFFFFFFFFFFFFFFFFFFFFFFFFFFF7F
:20E1C000FFFFFFFFFFFFFFFFFFFFFFFFFFFFFFFFFFFFFFFFFFFFFFFFFFFFFFFFFFFFFFFF5F
:20E1E000FFFFFFFFFFFFFFFFFFFFFFFFFFFFFFFFFFFFFFFFFFFFFFFFFFFFFFFFFFFFFFFF3F
:20E20000FFFFFFFFFFFFFFFFFFFFFFFFFFFFFFFFFFFFFFFFFFFFFFFFFFFFFFFFFFFFFFFF1E
:20E22000FFFFFFFFFFFFFFFFFFFFFFFFFFFFFFFFFFFFFFFFFFFFFFFFFFFFFFFFFFFFFFFFFE
:20E24000FFFFFFFFFFFFFFFFFFFFFFFFFFFFFFFFFFFFFFFFFFFFFFFFFFFFFFFFFFFFFFFFDE
:20E26000FFFFFFFFFFFFFFFFFFFFFFFFFFFFFFFFFFFFFFFFFFFFFFFFFFFFFFFFFFFFFFFFBE
:20E28000FFFFFFFFFFFFFFFFFFFFFFFFFFFFFFFFFFFFFFFFFFFFFFFFFFFFFFFFFFFFFFFF9E
:20E2A000FFFFFFFFFFFFFFFFFFFFFFFFFFFFFFFFFFFFFFFFFFFFFFFFFFFFFFFFFFFFFFFF7E
:20E2C000FFFFFFFFFFFFFFFFFFFFFFFFFFFFFFFFFFFFFFFFFFFFFFFFFFFFFFFFFFFFFFFF5E
:20E2E000FFFFFFFFFFFFFFFFFFFFFFFFFFFFFFFFFFFFFFFFFFFFFFFFFFFFFFFFFFFFFFFF3E
:20E30000FFFFFFFFFFFFFFFFFFFFFFFFFFFFFFFFFFFFFFFFFFFFFFFFFFFFFFFFFFFFFFFF1D
:20E32000FFFFFFFFFFFFFFFFFFFFFFFFFFFFFFFFFFFFFFFFFFFFFFFFFFFFFFFFFFFFFFFFFD
:20E34000FFFFFFFFFFFFFFFFFFFFFFFFFFFFFFFFFFFFFFFFFFFFFFFFFFFFFFFFFFFFFFFFDD
:20E36000FFFFFFFFFFFFFFFFFFFFFFFFFFFFFFFFFFFFFFFFFFFFFFFFFFFFFFFFFFFFFFFFBD
:20E38000FFFFFFFFFFFFFFFFFFFFFFFFFFFFFFFFFFFFFFFFFFFFFFFFFFFFFFFFFFFFFFFF9D
:20E3A000FFFFFFFFFFFFFFFFFFFFFFFFFFFFFFFFFFFFFFFFFFFFFFFFFFFFFFFFFFFFFFFF7D
:20E3C000FFFFFFFFFFFFFFFFFFFFFFFFFFFFFFFFFFFFFFFFFFFFFFFFFFFFFFFFFFFFFFFF5D
:20E3E000FFFFFFFFFFFFFFFFFFFFFFFFFFFFFFFFFFFFFFFFFFFFFFFFFFFFFFFFFFFFFFFF3D
:20E40000FFFFFFFFFFFFFFFFFFFFFFFFFFFFFFFFFFFFFFFFFFFFFFFFFFFFFFFFFFFFFFFF1C
:20E42000FFFFFFFFFFFFFFFFFFFFFFFFFFFFFFFFFFFFFFFFFFFFFFFFFFFFFFFFFFFFFFFFFC
:20E44000FFFFFFFFFFFFFFFFFFFFFFFFFFFFFFFFFFFFFFFFFFFFFFFFFFFFFFFFFFFFFFFFDC
:20E46000FFFFFFFFFFFFFFFFFFFFFFFFFFFFFFFFFFFFFFFFFFFFFFFFFFFFFFFFFFFFFFFFBC
:20E48000FFFFFFFFFFFFFFFFFFFFFFFFFFFFFFFFFFFFFFFFFFFFFFFFFFFFFFFFFFFFFFFF9C
:20E4A000FFFFFFFFFFFFFFFFFFFFFFFFFFFFFFFFFFFFFFFFFFFFFFFFFFFFFFFFFFFFFFFF7C
:20E4C000FFFFFFFFFFFFFFFFFFFFFFFFFFFFFFFFFFFFFFFFFFFFFFFFFFFFFFFFFFFFFFFF5C
:20E4E000FFFFFFFFFFFFFFFFFFFFFFFFFFFFFFFFFFFFFFFFFFFFFFFFFFFFFFFFFFFFFFFF3C
:20E50000FFFFFFFFFFFFFFFFFFFFFFFFFFFFFFFFFFFFFFFFFFFFFFFFFFFFFFFFFFFFFFFF1B
:20E52000FFFFFFFFFFFFFFFFFFFFFFFFFFFFFFFFFFFFFFFFFFFFFFFFFFFFFFFFFFFFFFFFFB
:20E54000FFFFFFFFFFFFFFFFFFFFFFFFFFFFFFFFFFFFFFFFFFFFFFFFFFFFFFFFFFFFFFFFDB
:20E56000FFFFFFFFFFFFFFFFFFFFFFFFFFFFFFFFFFFFFFFFFFFFFFFFFFFFFFFFFFFFFFFFBB
:20E58000FFFFFFFFFFFFFFFFFFFFFFFFFFFFFFFFFFFFFFFFFFFFFFFFFFFFFFFFFFFFFFFF9B
:20E5A000FFFFFFFFFFFFFFFFFFFFFFFFFFFFFFFFFFFFFFFFFFFFFFFFFFFFFFFFFFFFFFFF7B
:20E5C000FFFFFFFFFFFFFFFFFFFFFFFFFFFFFFFFFFFFFFFFFFFFFFFFFFFFFFFFFFFFFFFF5B
:20E5E000FFFFFFFFFFFFFFFFFFFFFFFFFFFFFFFFFFFFFFFFFFFFFFFFFFFFFFFFFFFFFFFF3B
:20E60000FFFFFFFFFFFFFFFFFFFFFFFFFFFFFFFFFFFFFFFFFFFFFFFFFFFFFFFFFFFFFFFF1A
:20E62000FFFFFFFFFFFFFFFFFFFFFFFFFFFFFFFFFFFFFFFFFFFFFFFFFFFFFFFFFFFFFFFFFA
:20E64000FFFFFFFFFFFFFFFFFFFFFFFFFFFFFFFFFFFFFFFFFFFFFFFFFFFFFFFFFFFFFFFFDA
:20E66000FFFFFFFFFFFFFFFFFFFFFFFFFFFFFFFFFFFFFFFFFFFFFFFFFFFFFFFFFFFFFFFFBA
:20E68000FFFFFFFFFFFFFFFFFFFFFFFFFFFFFFFFFFFFFFFFFFFFFFFFFFFFFFFFFFFFFFFF9A
:20E6A000FFFFFFFFFFFFFFFFFFFFFFFFFFFFFFFFFFFFFFFFFFFFFFFFFFFFFFFFFFFFFFFF7A
:20E6C000FFFFFFFFFFFFFFFFFFFFFFFFFFFFFFFFFFFFFFFFFFFFFFFFFFFFFFFFFFFFFFFF5A
:20E6E000FFFFFFFFFFFFFFFFFFFFFFFFFFFFFFFFFFFFFFFFFFFFFFFFFFFFFFFFFFFFFFFF3A
:20E70000FFFFFFFFFFFFFFFFFFFFFFFFFFFFFFFFFFFFFFFFFFFFFFFFFFFFFFFFFFFFFFFF19
:20E72000FFFFFFFFFFFFFFFFFFFFFFFFFFFFFFFFFFFFFFFFFFFFFFFFFFFFFFFFFFFFFFFFF9
:20E74000FFFFFFFFFFFFFFFFFFFFFFFFFFFFFFFFFFFFFFFFFFFFFFFFFFFFFFFFFFFFFFFFD9
:20E76000FFFFFFFFFFFFFFFFFFFFFFFFFFFFFFFFFFFFFFFFFFFFFFFFFFFFFFFFFFFFFFFFB9
:20E78000FFFFFFFFFFFFFFFFFFFFFFFFFFFFFFFFFFFFFFFFFFFFFFFFFFFFFFFFFFFFFFFF99
:20E7A000FFFFFFFFFFFFFFFFFFFFFFFFFFFFFFFFFFFFFFFFFFFFFFFFFFFFFFFFFFFFFFFF79
:20E7C000FFFFFFFFFFFFFFFFFFFFFFFFFFFFFFFFFFFFFFFFFFFFFFFFFFFFFFFFFFFFFFFF59
:20E7E000FFFFFFFFFFFFFFFFFFFFFFFFFFFFFFFFFFFFFFFFFFFFFFFFFFFFFFFFFFFFFFFF39
:20E80000FFFFFFFFFFFFFFFFFFFFFFFFFFFFFFFFFFFFFFFFFFFFFFFFFFFFFFFFFFFFFFFF18
:20E82000FFFFFFFFFFFFFFFFFFFFFFFFFFFFFFFFFFFFFFFFFFFFFFFFFFFFFFFFFFFFFFFFF8
:20E84000FFFFFFFFFFFFFFFFFFFFFFFFFFFFFFFFFFFFFFFFFFFFFFFFFFFFFFFFFFFFFFFFD8
:20E86000FFFFFFFFFFFFFFFFFFFFFFFFFFFFFFFFFFFFFFFFFFFFFFFFFFFFFFFFFFFFFFFFB8
:20E88000FFFFFFFFFFFFFFFFFFFFFFFFFFFFFFFFFFFFFFFFFFFFFFFFFFFFFFFFFFFFFFFF98
:20E8A000FFFFFFFFFFFFFFFFFFFFFFFFFFFFFFFFFFFFFFFFFFFFFFFFFFFFFFFFFFFFFFFF78
:20E8C000FFFFFFFFFFFFFFFFFFFFFFFFFFFFFFFFFFFFFFFFFFFFFFFFFFFFFFFFFFFFFFFF58
:20E8E000FFFFFFFFFFFFFFFFFFFFFFFFFFFFFFFFFFFFFFFFFFFFFFFFFFFFFFFFFFFFFFFF38
:20E90000FFFFFFFFFFFFFFFFFFFFFFFFFFFFFFFFFFFFFFFFFFFFFFFFFFFFFFFFFFFFFFFF17
:20E92000FFFFFFFFFFFFFFFFFFFFFFFFFFFFFFFFFFFFFFFFFFFFFFFFFFFFFFFFFFFFFFFFF7
:20E94000FFFFFFFFFFFFFFFFFFFFFFFFFFFFFFFFFFFFFFFFFFFFFFFFFFFFFFFFFFFFFFFFD7
:20E96000FFFFFFFFFFFFFFFFFFFFFFFFFFFFFFFFFFFFFFFFFFFFFFFFFFFFFFFFFFFFFFFFB7
:20E98000FFFFFFFFFFFFFFFFFFFFFFFFFFFFFFFFFFFFFFFFFFFFFFFFFFFFFFFFFFFFFFFF97
:20E9A000FFFFFFFFFFFFFFFFFFFFFFFFFFFFFFFFFFFFFFFFFFFFFFFFFFFFFFFFFFFFFFFF77
:20E9C000FFFFFFFFFFFFFFFFFFFFFFFFFFFFFFFFFFFFFFFFFFFFFFFFFFFFFFFFFFFFFFFF57
:20E9E000FFFFFFFFFFFFFFFFFFFFFFFFFFFFFFFFFFFFFFFFFFFFFFFFFFFFFFFFFFFFFFFF37
:20EA0000FFFFFFFFFFFFFFFFFFFFFFFFFFFFFFFFFFFFFFFFFFFFFFFFFFFFFFFFFFFFFFFF16
:20EA2000FFFFFFFFFFFFFFFFFFFFFFFFFFFFFFFFFFFFFFFFFFFFFFFFFFFFFFFFFFFFFFFFF6
:20EA4000FFFFFFFFFFFFFFFFFFFFFFFFFFFFFFFFFFFFFFFFFFFFFFFFFFFFFFFFFFFFFFFFD6
:20EA6000FFFFFFFFFFFFFFFFFFFFFFFFFFFFFFFFFFFFFFFFFFFFFFFFFFFFFFFFFFFFFFFFB6
:20EA8000FFFFFFFFFFFFFFFFFFFFFFFFFFFFFFFFFFFFFFFFFFFFFFFFFFFFFFFFFFFFFFFF96
:20EAA000FFFFFFFFFFFFFFFFFFFFFFFFFFFFFFFFFFFFFFFFFFFFFFFFFFFFFFFFFFFFFFFF76
:20EAC000FFFFFFFFFFFFFFFFFFFFFFFFFFFFFFFFFFFFFFFFFFFFFFFFFFFFFFFFFFFFFFFF56
:20EAE000FFFFFFFFFFFFFFFFFFFFFFFFFFFFFFFFFFFFFFFFFFFFFFFFFFFFFFFFFFFFFFFF36
:20EB0000FFFFFFFFFFFFFFFFFFFFFFFFFFFFFFFFFFFFFFFFFFFFFFFFFFFFFFFFFFFFFFFF15
:20EB2000FFFFFFFFFFFFFFFFFFFFFFFFFFFFFFFFFFFFFFFFFFFFFFFFFFFFFFFFFFFFFFFFF5
:20EB4000FFFFFFFFFFFFFFFFFFFFFFFFFFFFFFFFFFFFFFFFFFFFFFFFFFFFFFFFFFFFFFFFD5
:20EB6000FFFFFFFFFFFFFFFFFFFFFFFFFFFFFFFFFFFFFFFFFFFFFFFFFFFFFFFFFFFFFFFFB5
:20EB8000FFFFFFFFFFFFFFFFFFFFFFFFFFFFFFFFFFFFFFFFFFFFFFFFFFFFFFFFFFFFFFFF95
:20EBA000FFFFFFFFFFFFFFFFFFFFFFFFFFFFFFFFFFFFFFFFFFFFFFFFFFFFFFFFFFFFFFFF75
:20EBC000FFFFFFFFFFFFFFFFFFFFFFFFFFFFFFFFFFFFFFFFFFFFFFFFFFFFFFFFFFFFFFFF55
:20EBE000FFFFFFFFFFFFFFFFFFFFFFFFFFFFFFFFFFFFFFFFFFFFFFFFFFFFFFFFFFFFFFFF35
:20EC0000FFFFFFFFFFFFFFFFFFFFFFFFFFFFFFFFFFFFFFFFFFFFFFFFFFFFFFFFFFFFFFFF14
:20EC2000FFFFFFFFFFFFFFFFFFFFFFFFFFFFFFFFFFFFFFFFFFFFFFFFFFFFFFFFFFFFFFFFF4
:20EC4000FFFFFFFFFFFFFFFFFFFFFFFFFFFFFFFFFFFFFFFFFFFFFFFFFFFFFFFFFFFFFFFFD4
:20EC6000FFFFFFFFFFFFFFFFFFFFFFFFFFFFFFFFFFFFFFFFFFFFFFFFFFFFFFFFFFFFFFFFB4
:20EC8000FFFFFFFFFFFFFFFFFFFFFFFFFFFFFFFFFFFFFFFFFFFFFFFFFFFFFFFFFFFFFFFF94
:20ECA000FFFFFFFFFFFFFFFFFFFFFFFFFFFFFFFFFFFFFFFFFFFFFFFFFFFFFFFFFFFFFFFF74
:20ECC000FFFFFFFFFFFFFFFFFFFFFFFFFFFFFFFFFFFFFFFFFFFFFFFFFFFFFFFFFFFFFFFF54
:20ECE000FFFFFFFFFFFFFFFFFFFFFFFFFFFFFFFFFFFFFFFFFFFFFFFFFFFFFFFFFFFFFFFF34
:20ED0000FFFFFFFFFFFFFFFFFFFFFFFFFFFFFFFFFFFFFFFFFFFFFFFFFFFFFFFFFFFFFFFF13
:20ED2000FFFFFFFFFFFFFFFFFFFFFFFFFFFFFFFFFFFFFFFFFFFFFFFFFFFFFFFFFFFFFFFFF3
:20ED4000FFFFFFFFFFFFFFFFFFFFFFFFFFFFFFFFFFFFFFFFFFFFFFFFFFFFFFFFFFFFFFFFD3
:20ED6000FFFFFFFFFFFFFFFFFFFFFFFFFFFFFFFFFFFFFFFFFFFFFFFFFFFFFFFFFFFFFFFFB3
:20ED8000FFFFFFFFFFFFFFFFFFFFFFFFFFFFFFFFFFFFFFFFFFFFFFFFFFFFFFFFFFFFFFFF93
:20EDA000FFFFFFFFFFFFFFFFFFFFFFFFFFFFFFFFFFFFFFFFFFFFFFFFFFFFFFFFFFFFFFFF73
:20EDC000FFFFFFFFFFFFFFFFFFFFFFFFFFFFFFFFFFFFFFFFFFFFFFFFFFFFFFFFFFFFFFFF53
:20EDE000FFFFFFFFFFFFFFFFFFFFFFFFFFFFFFFFFFFFFFFFFFFFFFFFFFFFFFFFFFFFFFFF33
:20EE0000FFFFFFFFFFFFFFFFFFFFFFFFFFFFFFFFFFFFFFFFFFFFFFFFFFFFFFFFFFFFFFFF12
:20EE2000FFFFFFFFFFFFFFFFFFFFFFFFFFFFFFFFFFFFFFFFFFFFFFFFFFFFFFFFFFFFFFFFF2
:20EE4000FFFFFFFFFFFFFFFFFFFFFFFFFFFFFFFFFFFFFFFFFFFFFFFFFFFFFFFFFFFFFFFFD2
:20EE6000FFFFFFFFFFFFFFFFFFFFFFFFFFFFFFFFFFFFFFFFFFFFFFFFFFFFFFFFFFFFFFFFB2
:20EE8000FFFFFFFFFFFFFFFFFFFFFFFFFFFFFFFFFFFFFFFFFFFFFFFFFFFFFFFFFFFFFFFF92
:20EEA000FFFFFFFFFFFFFFFFFFFFFFFFFFFFFFFFFFFFFFFFFFFFFFFFFFFFFFFFFFFFFFFF72
:20EEC000FFFFFFFFFFFFFFFFFFFFFFFFFFFFFFFFFFFFFFFFFFFFFFFFFFFFFFFFFFFFFFFF52
:20EEE000FFFFFFFFFFFFFFFFFFFFFFFFFFFFFFFFFFFFFFFFFFFFFFFFFFFFFFFFFFFFFFFF32
:20EF0000FFFFFFFFFFFFFFFFFFFFFFFFFFFFFFFFFFFFFFFFFFFFFFFFFFFFFFFFFFFFFFFF11
:20EF2000FFFFFFFFFFFFFFFFFFFFFFFFFFFFFFFFFFFFFFFFFFFFFFFFFFFFFFFFFFFFFFFFF1
:20EF4000FFFFFFFFFFFFFFFFFFFFFFFFFFFFFFFFFFFFFFFFFFFFFFFFFFFFFFFFFFFFFFFFD1
:20EF6000FFFFFFFFFFFFFFFFFFFFFFFFFFFFFFFFFFFFFFFFFFFFFFFFFFFFFFFFFFFFFFFFB1
:20EF8000FFFFFFFFFFFFFFFFFFFFFFFFFFFFFFFFFFFFFFFFFFFFFFFFFFFFFFFFFFFFFFFF91
:20EFA000FFFFFFFFFFFFFFFFFFFFFFFFFFFFFFFFFFFFFFFFFFFFFFFFFFFFFFFFFFFFFFFF71
:20EFC000FFFFFFFFFFFFFFFFFFFFFFFFFFFFFFFFFFFFFFFFFFFFFFFFFFFFFFFFFFFFFFFF51
:20EFE000FFFFFFFFFFFFFFFFFFFFFFFFFFFFFFFFFFFFFFFFFFFFFFFFFFFFFFFFFFFFFFFF31
:20F00000FFFFFFFFFFFFFFFFFFFFFFFFFFFFFFFFFFFFFFFFFFFFFFFFFFFFFFFFFFFFFFFF10
:20F02000FFFFFFFFFFFFFFFFFFFFFFFFFFFFFFFFFFFFFFFFFFFFFFFFFFFFFFFFFFFFFFFFF0
:20F04000FFFFFFFFFFFFFFFFFFFFFFFFFFFFFFFFFFFFFFFFFFFFFFFFFFFFFFFFFFFFFFFFD0
:20F06000FFFFFFFFFFFFFFFFFFFFFFFFFFFFFFFFFFFFFFFFFFFFFFFFFFFFFFFFFFFFFFFFB0
:20F08000FFFFFFFFFFFFFFFFFFFFFFFFFFFFFFFFFFFFFFFFFFFFFFFFFFFFFFFFFFFFFFFF90
:20F0A000FFFFFFFFFFFFFFFFFFFFFFFFFFFFFFFFFFFFFFFFFFFFFFFFFFFFFFFFFFFFFFFF70
:20F0C000FFFFFFFFFFFFFFFFFFFFFFFFFFFFFFFFFFFFFFFFFFFFFFFFFFFFFFFFFFFFFFFF50
:20F0E000FFFFFFFFFFFFFFFFFFFFFFFFFFFFFFFFFFFFFFFFFFFFFFFFFFFFFFFFFFFFFFFF30
:20F10000FFFFFFFFFFFFFFFFFFFFFFFFFFFFFFFFFFFFFFFFFFFFFFFFFFFFFFFFFFFFFFFF0F
:20F12000FFFFFFFFFFFFFFFFFFFFFFFFFFFFFFFFFFFFFFFFFFFFFFFFFFFFFFFFFFFFFFFFEF
:20F14000FFFFFFFFFFFFFFFFFFFFFFFFFFFFFFFFFFFFFFFFFFFFFFFFFFFFFFFFFFFFFFFFCF
:20F16000FFFFFFFFFFFFFFFFFFFFFFFFFFFFFFFFFFFFFFFFFFFFFFFFFFFFFFFFFFFFFFFFAF
:20F18000FFFFFFFFFFFFFFFFFFFFFFFFFFFFFFFFFFFFFFFFFFFFFFFFFFFFFFFFFFFFFFFF8F
:20F1A000FFFFFFFFFFFFFFFFFFFFFFFFFFFFFFFFFFFFFFFFFFFFFFFFFFFFFFFFFFFFFFFF6F
:20F1C000FFFFFFFFFFFFFFFFFFFFFFFFFFFFFFFFFFFFFFFFFFFFFFFFFFFFFFFFFFFFFFFF4F
:20F1E000FFFFFFFFFFFFFFFFFFFFFFFFFFFFFFFFFFFFFFFFFFFFFFFFFFFFFFFFFFFFFFFF2F
:20F20000FFFFFFFFFFFFFFFFFFFFFFFFFFFFFFFFFFFFFFFFFFFFFFFFFFFFFFFFFFFFFFFF0E
:20F22000FFFFFFFFFFFFFFFFFFFFFFFFFFFFFFFFFFFFFFFFFFFFFFFFFFFFFFFFFFFFFFFFEE
:20F24000FFFFFFFFFFFFFFFFFFFFFFFFFFFFFFFFFFFFFFFFFFFFFFFFFFFFFFFFFFFFFFFFCE
:20F26000FFFFFFFFFFFFFFFFFFFFFFFFFFFFFFFFFFFFFFFFFFFFFFFFFFFFFFFFFFFFFFFFAE
:20F28000FFFFFFFFFFFFFFFFFFFFFFFFFFFFFFFFFFFFFFFFFFFFFFFFFFFFFFFFFFFFFFFF8E
:20F2A000FFFFFFFFFFFFFFFFFFFFFFFFFFFFFFFFFFFFFFFFFFFFFFFFFFFFFFFFFFFFFFFF6E
:20F2C000FFFFFFFFFFFFFFFFFFFFFFFFFFFFFFFFFFFFFFFFFFFFFFFFFFFFFFFFFFFFFFFF4E
:20F2E000FFFFFFFFFFFFFFFFFFFFFFFFFFFFFFFFFFFFFFFFFFFFFFFFFFFFFFFFFFFFFFFF2E
:20F30000FFFFFFFFFFFFFFFFFFFFFFFFFFFFFFFFFFFFFFFFFFFFFFFFFFFFFFFFFFFFFFFF0D
:20F32000FFFFFFFFFFFFFFFFFFFFFFFFFFFFFFFFFFFFFFFFFFFFFFFFFFFFFFFFFFFFFFFFED
:20F34000FFFFFFFFFFFFFFFFFFFFFFFFFFFFFFFFFFFFFFFFFFFFFFFFFFFFFFFFFFFFFFFFCD
:20F36000FFFFFFFFFFFFFFFFFFFFFFFFFFFFFFFFFFFFFFFFFFFFFFFFFFFFFFFFFFFFFFFFAD
:20F38000FFFFFFFFFFFFFFFFFFFFFFFFFFFFFFFFFFFFFFFFFFFFFFFFFFFFFFFFFFFFFFFF8D
:20F3A000FFFFFFFFFFFFFFFFFFFFFFFFFFFFFFFFFFFFFFFFFFFFFFFFFFFFFFFFFFFFFFFF6D
:20F3C000FFFFFFFFFFFFFFFFFFFFFFFFFFFFFFFFFFFFFFFFFFFFFFFFFFFFFFFFFFFFFFFF4D
:20F3E000FFFFFFFFFFFFFFFFFFFFFFFFFFFFFFFFFFFFFFFFFFFFFFFFFFFFFFFFFFFFFFFF2D
:20F40000FFFFFFFFFFFFFFFFFFFFFFFFFFFFFFFFFFFFFFFFFFFFFFFFFFFFFFFFFFFFFFFF0C
:20F42000FFFFFFFFFFFFFFFFFFFFFFFFFFFFFFFFFFFFFFFFFFFFFFFFFFFFFFFFFFFFFFFFEC
:20F44000FFFFFFFFFFFFFFFFFFFFFFFFFFFFFFFFFFFFFFFFFFFFFFFFFFFFFFFFFFFFFFFFCC
:20F46000FFFFFFFFFFFFFFFFFFFFFFFFFFFFFFFFFFFFFFFFFFFFFFFFFFFFFFFFFFFFFFFFAC
:20F48000FFFFFFFFFFFFFFFFFFFFFFFFFFFFFFFFFFFFFFFFFFFFFFFFFFFFFFFFFFFFFFFF8C
:20F4A000FFFFFFFFFFFFFFFFFFFFFFFFFFFFFFFFFFFFFFFFFFFFFFFFFFFFFFFFFFFFFFFF6C
:20F4C000FFFFFFFFFFFFFFFFFFFFFFFFFFFFFFFFFFFFFFFFFFFFFFFFFFFFFFFFFFFFFFFF4C
:20F4E000FFFFFFFFFFFFFFFFFFFFFFFFFFFFFFFFFFFFFFFFFFFFFFFFFFFFFFFFFFFFFFFF2C
:20F50000FFFFFFFFFFFFFFFFFFFFFFFFFFFFFFFFFFFFFFFFFFFFFFFFFFFFFFFFFFFFFFFF0B
:20F52000FFFFFFFFFFFFFFFFFFFFFFFFFFFFFFFFFFFFFFFFFFFFFFFFFFFFFFFFFFFFFFFFEB
:20F54000FFFFFFFFFFFFFFFFFFFFFFFFFFFFFFFFFFFFFFFFFFFFFFFFFFFFFFFFFFFFFFFFCB
:20F56000FFFFFFFFFFFFFFFFFFFFFFFFFFFFFFFFFFFFFFFFFFFFFFFFFFFFFFFFFFFFFFFFAB
:20F58000FFFFFFFFFFFFFFFFFFFFFFFFFFFFFFFFFFFFFFFFFFFFFFFFFFFFFFFFFFFFFFFF8B
:20F5A000FFFFFFFFFFFFFFFFFFFFFFFFFFFFFFFFFFFFFFFFFFFFFFFFFFFFFFFFFFFFFFFF6B
:20F5C000FFFFFFFFFFFFFFFFFFFFFFFFFFFFFFFFFFFFFFFFFFFFFFFFFFFFFFFFFFFFFFFF4B
:20F5E000FFFFFFFFFFFFFFFFFFFFFFFFFFFFFFFFFFFFFFFFFFFFFFFFFFFFFFFFFFFFFFFF2B
:20F60000FFFFFFFFFFFFFFFFFFFFFFFFFFFFFFFFFFFFFFFFFFFFFFFFFFFFFFFFFFFFFFFF0A
:20F62000FFFFFFFFFFFFFFFFFFFFFFFFFFFFFFFFFFFFFFFFFFFFFFFFFFFFFFFFFFFFFFFFEA
:20F64000FFFFFFFFFFFFFFFFFFFFFFFFFFFFFFFFFFFFFFFFFFFFFFFFFFFFFFFFFFFFFFFFCA
:20F66000FFFFFFFFFFFFFFFFFFFFFFFFFFFFFFFFFFFFFFFFFFFFFFFFFFFFFFFFFFFFFFFFAA
:20F68000FFFFFFFFFFFFFFFFFFFFFFFFFFFFFFFFFFFFFFFFFFFFFFFFFFFFFFFFFFFFFFFF8A
:20F6A000FFFFFFFFFFFFFFFFFFFFFFFFFFFFFFFFFFFFFFFFFFFFFFFFFFFFFFFFFFFFFFFF6A
:20F6C000FFFFFFFFFFFFFFFFFFFFFFFFFFFFFFFFFFFFFFFFFFFFFFFFFFFFFFFFFFFFFFFF4A
:20F6E000FFFFFFFFFFFFFFFFFFFFFFFFFFFFFFFFFFFFFFFFFFFFFFFFFFFFFFFFFFFFFFFF2A
:20F70000FFFFFFFFFFFFFFFFFFFFFFFFFFFFFFFFFFFFFFFFFFFFFFFFFFFFFFFFFFFFFFFF09
:20F72000FFFFFFFFFFFFFFFFFFFFFFFFFFFFFFFFFFFFFFFFFFFFFFFFFFFFFFFFFFFFFFFFE9
:20F74000FFFFFFFFFFFFFFFFFFFFFFFFFFFFFFFFFFFFFFFFFFFFFFFFFFFFFFFFFFFFFFFFC9
:20F76000FFFFFFFFFFFFFFFFFFFFFFFFFFFFFFFFFFFFFFFFFFFFFFFFFFFFFFFFFFFFFFFFA9
:20F78000FFFFFFFFFFFFFFFFFFFFFFFFFFFFFFFFFFFFFFFFFFFFFFFFFFFFFFFFFFFFFFFF89
:20F7A000FFFFFFFFFFFFFFFFFFFFFFFFFFFFFFFFFFFFFFFFFFFFFFFFFFFFFFFFFFFFFFFF69
:20F7C000FFFFFFFFFFFFFFFFFFFFFFFFFFFFFFFFFFFFFFFFFFFFFFFFFFFFFFFFFFFFFFFF49
:20F7E000FFFFFFFFFFFFFFFFFFFFFFFFFFFFFFFFFFFFFFFFFFFFFFFFFFFFFFFFFFFFFFFF29
:20F80000FFFFFFFFFFFFFFFFFFFFFFFFFFFFFFFFFFFFFFFFFFFFFFFFFFFFFFFFFFFFFFFF08
:20F82000FFFFFFFFFFFFFFFFFFFFFFFFFFFFFFFFFFFFFFFFFFFFFFFFFFFFFFFFFFFFFFFFE8
:20F84000FFFFFFFFFFFFFFFFFFFFFFFFFFFFFFFFFFFFFFFFFFFFFFFFFFFFFFFFFFFFFFFFC8
:20F86000FFFFFFFFFFFFFFFFFFFFFFFFFFFFFFFFFFFFFFFFFFFFFFFFFFFFFFFFFFFFFFFFA8
:20F88000FFFFFFFFFFFFFFFFFFFFFFFFFFFFFFFFFFFFFFFFFFFFFFFFFFFFFFFFFFFFFFFF88
:20F8A000FFFFFFFFFFFFFFFFFFFFFFFFFFFFFFFFFFFFFFFFFFFFFFFFFFFFFFFFFFFFFFFF68
:20F8C000FFFFFFFFFFFFFFFFFFFFFFFFFFFFFFFFFFFFFFFFFFFFFFFFFFFFFFFFFFFFFFFF48
:20F8E000FFFFFFFFFFFFFFFFFFFFFFFFFFFFFFFFFFFFFFFFFFFFFFFFFFFFFFFFFFFFFFFF28
:20F90000FFFFFFFFFFFFFFFFFFFFFFFFFFFFFFFFFFFFFFFFFFFFFFFFFFFFFFFFFFFFFFFF07
:20F92000FFFFFFFFFFFFFFFFFFFFFFFFFFFFFFFFFFFFFFFFFFFFFFFFFFFFFFFFFFFFFFFFE7
:20F94000FFFFFFFFFFFFFFFFFFFFFFFFFFFFFFFFFFFFFFFFFFFFFFFFFFFFFFFFFFFFFFFFC7
:20F96000FFFFFFFFFFFFFFFFFFFFFFFFFFFFFFFFFFFFFFFFFFFFFFFFFFFFFFFFFFFFFFFFA7
:20F98000FFFFFFFFFFFFFFFFFFFFFFFFFFFFFFFFFFFFFFFFFFFFFFFFFFFFFFFFFFFFFFFF87
:20F9A000FFFFFFFFFFFFFFFFFFFFFFFFFFFFFFFFFFFFFFFFFFFFFFFFFFFFFFFFFFFFFFFF67
:20F9C000FFFFFFFFFFFFFFFFFFFFFFFFFFFFFFFFFFFFFFFFFFFFFFFFFFFFFFFFFFFFFFFF47
:20F9E000FFFFFFFFFFFFFFFFFFFFFFFFFFFFFFFFFFFFFFFFFFFFFFFFFFFFFFFFFFFFFFFF27
:20FA0000FFFFFFFFFFFFFFFFFFFFFFFFFFFFFFFFFFFFFFFFFFFFFFFFFFFFFFFFFFFFFFFF06
:20FA2000FFFFFFFFFFFFFFFFFFFFFFFFFFFFFFFFFFFFFFFFFFFFFFFFFFFFFFFFFFFFFFFFE6
:20FA4000FFFFFFFFFFFFFFFFFFFFFFFFFFFFFFFFFFFFFFFFFFFFFFFFFFFFFFFFFFFFFFFFC6
:20FA6000FFFFFFFFFFFFFFFFFFFFFFFFFFFFFFFFFFFFFFFFFFFFFFFFFFFFFFFFFFFFFFFFA6
:20FA8000FFFFFFFFFFFFFFFFFFFFFFFFFFFFFFFFFFFFFFFFFFFFFFFFFFFFFFFFFFFFFFFF86
:20FAA000FFFFFFFFFFFFFFFFFFFFFFFFFFFFFFFFFFFFFFFFFFFFFFFFFFFFFFFFFFFFFFFF66
:20FAC000FFFFFFFFFFFFFFFFFFFFFFFFFFFFFFFFFFFFFFFFFFFFFFFFFFFFFFFFFFFFFFFF46
:20FAE000FFFFFFFFFFFFFFFFFFFFFFFFFFFFFFFFFFFFFFFFFFFFFFFFFFFFFFFFFFFFFFFF26
:20FB0000FFFFFFFFFFFFFFFFFFFFFFFFFFFFFFFFFFFFFFFFFFFFFFFFFFFFFFFFFFFFFFFF05
:20FB2000FFFFFFFFFFFFFFFFFFFFFFFFFFFFFFFFFFFFFFFFFFFFFFFFFFFFFFFFFFFFFFFFE5
:20FB4000FFFFFFFFFFFFFFFFFFFFFFFFFFFFFFFFFFFFFFFFFFFFFFFFFFFFFFFFFFFFFFFFC5
:20FB6000FFFFFFFFFFFFFFFFFFFFFFFFFFFFFFFFFFFFFFFFFFFFFFFFFFFFFFFFFFFFFFFFA5
:20FB8000FFFFFFFFFFFFFFFFFFFFFFFFFFFFFFFFFFFFFFFFFFFFFFFFFFFFFFFFFFFFFFFF85
:20FBA000FFFFFFFFFFFFFFFFFFFFFFFFFFFFFFFFFFFFFFFFFFFFFFFFFFFFFFFFFFFFFFFF65
:20FBC000FFFFFFFFFFFFFFFFFFFFFFFFFFFFFFFFFFFFFFFFFFFFFFFFFFFFFFFFFFFFFFFF45
:20FBE000FFFFFFFFFFFFFFFFFFFFFFFFFFFFFFFFFFFFFFFFFFFFFFFFFFFFFFFFFFFFFFFF25
:20FC0000FFFFFFFFFFFFFFFFFFFFFFFFFFFFFFFFFFFFFFFFFFFFFFFFFFFFFFFFFFFFFFFF04
:20FC2000FFFFFFFFFFFFFFFFFFFFFFFFFFFFFFFFFFFFFFFFFFFFFFFFFFFFFFFFFFFFFFFFE4
:20FC4000FFFFFFFFFFFFFFFFFFFFFFFFFFFFFFFFFFFFFFFFFFFFFFFFFFFFFFFFFFFFFFFFC4
:20FC6000FFFFFFFFFFFFFFFFFFFFFFFFFFFFFFFFFFFFFFFFFFFFFFFFFFFFFFFFFFFFFFFFA4
:20FC8000FFFFFFFFFFFFFFFFFFFFFFFFFFFFFFFFFFFFFFFFFFFFFFFFFFFFFFFFFFFFFFFF84
:20FCA000FFFFFFFFFFFFFFFFFFFFFFFFFFFFFFFFFFFFFFFFFFFFFFFFFFFFFFFFFFFFFFFF64
:20FCC000FFFFFFFFFFFFFFFFFFFFFFFFFFFFFFFFFFFFFFFFFFFFFFFFFFFFFFFFFFFFFFFF44
:20FCE000FFFFFFFFFFFFFFFFFFFFFFFFFFFFFFFFFFFFFFFFFFFFFFFFFFFFFFFFFFFFFFFF24
:20FD0000FFFFFFFFFFFFFFFFFFFFFFFFFFFFFFFFFFFFFFFFFFFFFFFFFFFFFFFFFFFFFFFF03
:20FD2000FFFFFFFFFFFFFFFFFFFFFFFFFFFFFFFFFFFFFFFFFFFFFFFFFFFFFFFFFFFFFFFFE3
:20FD4000FFFFFFFFFFFFFFFFFFFFFFFFFFFFFFFFFFFFFFFFFFFFFFFFFFFFFFFFFFFFFFFFC3
:20FD6000FFFFFFFFFFFFFFFFFFFFFFFFFFFFFFFFFFFFFFFFFFFFFFFFFFFFFFFFFFFFFFFFA3
:20FD8000FFFFFFFFFFFFFFFFFFFFFFFFFFFFFFFFFFFFFFFFFFFFFFFFFFFFFFFFFFFFFFFF83
:20FDA000FFFFFFFFFFFFFFFFFFFFFFFFFFFFFFFFFFFFFFFFFFFFFFFFFFFFFFFFFFFFFFFF63
:20FDC000FFFFFFFFFFFFFFFFFFFFFFFFFFFFFFFFFFFFFFFFFFFFFFFFFFFFFFFFFFFFFFFF43
:20FDE000FFFFFFFFFFFFFFFFFFFFFFFFFFFFFFFFFFFFFFFFFFFFFFFFFFFFFFFFFFFFFFFF23
:20FE0000FFFFFFFFFFFFFFFFFFFFFFFFFFFFFFFFFFFFFFFFFFFFFFFFFFFFFFFFFFFFFFFF02
:20FE2000FFFFFFFFFFFFFFFFFFFFFFFFFFFFFFFFFFFFFFFFFFFFFFFFFFFFFFFFFFFFFFFFE2
:20FE4000FFFFFFFFFFFFFFFFFFFFFFFFFFFFFFFFFFFFFFFFFFFFFFFFFFFFFFFFFFFFFFFFC2
:20FE6000FFFFFFFFFFFFFFFFFFFFFFFFFFFFFFFFFFFFFFFFFFFFFFFFFFFFFFFFFFFFFFFFA2
:20FE8000FFFFFFFFFFFFFFFFFFFFFFFFFFFFFFFFFFFFFFFFFFFFFFFFFFFFFFFFFFFFFFFF82
:20FEA000FFFFFFFFFFFFFFFFFFFFFFFFFFFFFFFFFFFFFFFFFFFFFFFFFFFFFFFFFFFFFFFF62
:20FEC000FFFFFFFFFFFFFFFFFFFFFFFFFFFFFFFFFFFFFFFFFFFFFFFFFFFFFFFFFFFFFFFF42
:20FEE000FFFFFFFFFFFFFFFFFFFFFFFFFFFFFFFFFFFFFFFFFFFFFFFFFFFFFFFFFFFFFFFF22
:20FF0000FFFFFFFFFFFFFFFFFFFFFFFFFFFFFFFFFFFFFFFFFFFFFFFFFFFFFFFFFFFFFFFF01
:20FF2000FFFFFFFFFFFFFFFFFFFFFFFFFFFFFFFFFFFFFFFFFFFFFFFFFFFFFFFFFFFFFFFFE1
:20FF4000FFFFFFFFFFFFFFFFFFFFFFFFFFFFFFFFFFFFFFFFFFFFFFFFFFFFFFFFFFFFFFFFC1
:20FF6000FFFFFFFFFFFFFFFFFFFFFFFFFFFFFFFFFFFFFFFFFFFFFFFFFFFFFFFFFFFFFFFFA1
:20FF8000FFFFFFFFFFFFFFFFFFFFFFFFFFFFFFFFFFFFFFFFFFFFFFFFFFFFFFFFFFFFFFFF81
:20FFA000FFFFFFFFFFFFFFFFFFFFFFFFFFFFFFFFFFFFFFFFFFFFFFFFFFFFFFFFFFFFFFFF61
:20FFC000FFFFFFFFFFFFFFFFFFFFFFFFFFFFFFFFFFFFFFFFFFFFFFFFFFFFFFFFFFFFFFFF41
:20FFE000FFFFFFFFFFFFFFFFFFFFFFFFFFFFFFFFFFFFFFFFFFFFFFFFFFFFFFFFFFFFFFFF21
:020000041001E9
:20000000FFFFFFFFFFFFFFFFFFFFFFFFFFFFFFFFFFFFFFFFFFFFFFFFFFFFFFFFFFFFFFFF00
:20002000FFFFFFFFFFFFFFFFFFFFFFFFFFFFFFFFFFFFFFFFFFFFFFFFFFFFFFFFFFFFFFFFE0
:20004000FFFFFFFFFFFFFFFFFFFFFFFFFFFFFFFFFFFFFFFFFFFFFFFFFFFFFFFFFFFFFFFFC0
:20006000FFFFFFFFFFFFFFFFFFFFFFFFFFFFFFFFFFFFFFFFFFFFFFFFFFFFFFFFFFFFFFFFA0
:20008000FFFFFFFFFFFFFFFFFFFFFFFFFFFFFFFFFFFFFFFFFFFFFFFFFFFFFFFFFFFFFFFF80
:2000A000FFFFFFFFFFFFFFFFFFFFFFFFFFFFFFFFFFFFFFFFFFFFFFFFFFFFFFFFFFFFFFFF60
:2000C000FFFFFFFFFFFFFFFFFFFFFFFFFFFFFFFFFFFFFFFFFFFFFFFFFFFFFFFFFFFFFFFF40
:2000E000FFFFFFFFFFFFFFFFFFFFFFFFFFFFFFFFFFFFFFFFFFFFFFFFFFFFFFFFFFFFFFFF20
:20010000FFFFFFFFFFFFFFFFFFFFFFFFFFFFFFFFFFFFFFFFFFFFFFFFFFFFFFFFFFFFFFFFFF
:20012000FFFFFFFFFFFFFFFFFFFFFFFFFFFFFFFFFFFFFFFFFFFFFFFFFFFFFFFFFFFFFFFFDF
:20014000FFFFFFFFFFFFFFFFFFFFFFFFFFFFFFFFFFFFFFFFFFFFFFFFFFFFFFFFFFFFFFFFBF
:20016000FFFFFFFFFFFFFFFFFFFFFFFFFFFFFFFFFFFFFFFFFFFFFFFFFFFFFFFFFFFFFFFF9F
:20018000FFFFFFFFFFFFFFFFFFFFFFFFFFFFFFFFFFFFFFFFFFFFFFFFFFFFFFFFFFFFFFFF7F
:2001A000FFFFFFFFFFFFFFFFFFFFFFFFFFFFFFFFFFFFFFFFFFFFFFFFFFFFFFFFFFFFFFFF5F
:2001C000FFFFFFFFFFFFFFFFFFFFFFFFFFFFFFFFFFFFFFFFFFFFFFFFFFFFFFFFFFFFFFFF3F
:2001E000FFFFFFFFFFFFFFFFFFFFFFFFFFFFFFFFFFFFFFFFFFFFFFFFFFFFFFFFFFFFFFFF1F
:20020000FFFFFFFFFFFFFFFFFFFFFFFFFFFFFFFFFFFFFFFFFFFFFFFFFFFFFFFFFFFFFFFFFE
:20022000FFFFFFFFFFFFFFFFFFFFFFFFFFFFFFFFFFFFFFFFFFFFFFFFFFFFFFFFFFFFFFFFDE
:20024000FFFFFFFFFFFFFFFFFFFFFFFFFFFFFFFFFFFFFFFFFFFFFFFFFFFFFFFFFFFFFFFFBE
:20026000FFFFFFFFFFFFFFFFFFFFFFFFFFFFFFFFFFFFFFFFFFFFFFFFFFFFFFFFFFFFFFFF9E
:20028000FFFFFFFFFFFFFFFFFFFFFFFFFFFFFFFFFFFFFFFFFFFFFFFFFFFFFFFFFFFFFFFF7E
:2002A000FFFFFFFFFFFFFFFFFFFFFFFFFFFFFFFFFFFFFFFFFFFFFFFFFFFFFFFFFFFFFFFF5E
:2002C000FFFFFFFFFFFFFFFFFFFFFFFFFFFFFFFFFFFFFFFFFFFFFFFFFFFFFFFFFFFFFFFF3E
:2002E000FFFFFFFFFFFFFFFFFFFFFFFFFFFFFFFFFFFFFFFFFFFFFFFFFFFFFFFFFFFFFFFF1E
:20030000FFFFFFFFFFFFFFFFFFFFFFFFFFFFFFFFFFFFFFFFFFFFFFFFFFFFFFFFFFFFFFFFFD
:20032000FFFFFFFFFFFFFFFFFFFFFFFFFFFFFFFFFFFFFFFFFFFFFFFFFFFFFFFFFFFFFFFFDD
:20034000FFFFFFFFFFFFFFFFFFFFFFFFFFFFFFFFFFFFFFFFFFFFFFFFFFFFFFFFFFFFFFFFBD
:20036000FFFFFFFFFFFFFFFFFFFFFFFFFFFFFFFFFFFFFFFFFFFFFFFFFFFFFFFFFFFFFFFF9D
:20038000FFFFFFFFFFFFFFFFFFFFFFFFFFFFFFFFFFFFFFFFFFFFFFFFFFFFFFFFFFFFFFFF7D
:2003A000FFFFFFFFFFFFFFFFFFFFFFFFFFFFFFFFFFFFFFFFFFFFFFFFFFFFFFFFFFFFFFFF5D
:2003C000FFFFFFFFFFFFFFFFFFFFFFFFFFFFFFFFFFFFFFFFFFFFFFFFFFFFFFFFFFFFFFFF3D
:2003E000FFFFFFFFFFFFFFFFFFFFFFFFFFFFFFFFFFFFFFFFFFFFFFFFFFFFFFFFFFFFFFFF1D
:20040000FFFFFFFFFFFFFFFFFFFFFFFFFFFFFFFFFFFFFFFFFFFFFFFFFFFFFFFFFFFFFFFFFC
:20042000FFFFFFFFFFFFFFFFFFFFFFFFFFFFFFFFFFFFFFFFFFFFFFFFFFFFFFFFFFFFFFFFDC
:20044000FFFFFFFFFFFFFFFFFFFFFFFFFFFFFFFFFFFFFFFFFFFFFFFFFFFFFFFFFFFFFFFFBC
:20046000FFFFFFFFFFFFFFFFFFFFFFFFFFFFFFFFFFFFFFFFFFFFFFFFFFFFFFFFFFFFFFFF9C
:20048000FFFFFFFFFFFFFFFFFFFFFFFFFFFFFFFFFFFFFFFFFFFFFFFFFFFFFFFFFFFFFFFF7C
:2004A000FFFFFFFFFFFFFFFFFFFFFFFFFFFFFFFFFFFFFFFFFFFFFFFFFFFFFFFFFFFFFFFF5C
:2004C000FFFFFFFFFFFFFFFFFFFFFFFFFFFFFFFFFFFFFFFFFFFFFFFFFFFFFFFFFFFFFFFF3C
:2004E000FFFFFFFFFFFFFFFFFFFFFFFFFFFFFFFFFFFFFFFFFFFFFFFFFFFFFFFFFFFFFFFF1C
:20050000FFFFFFFFFFFFFFFFFFFFFFFFFFFFFFFFFFFFFFFFFFFFFFFFFFFFFFFFFFFFFFFFFB
:20052000FFFFFFFFFFFFFFFFFFFFFFFFFFFFFFFFFFFFFFFFFFFFFFFFFFFFFFFFFFFFFFFFDB
:20054000FFFFFFFFFFFFFFFFFFFFFFFFFFFFFFFFFFFFFFFFFFFFFFFFFFFFFFFFFFFFFFFFBB
:20056000FFFFFFFFFFFFFFFFFFFFFFFFFFFFFFFFFFFFFFFFFFFFFFFFFFFFFFFFFFFFFFFF9B
:20058000FFFFFFFFFFFFFFFFFFFFFFFFFFFFFFFFFFFFFFFFFFFFFFFFFFFFFFFFFFFFFFFF7B
:2005A000FFFFFFFFFFFFFFFFFFFFFFFFFFFFFFFFFFFFFFFFFFFFFFFFFFFFFFFFFFFFFFFF5B
:2005C000FFFFFFFFFFFFFFFFFFFFFFFFFFFFFFFFFFFFFFFFFFFFFFFFFFFFFFFFFFFFFFFF3B
:2005E000FFFFFFFFFFFFFFFFFFFFFFFFFFFFFFFFFFFFFFFFFFFFFFFFFFFFFFFFFFFFFFFF1B
:20060000FFFFFFFFFFFFFFFFFFFFFFFFFFFFFFFFFFFFFFFFFFFFFFFFFFFFFFFFFFFFFFFFFA
:20062000FFFFFFFFFFFFFFFFFFFFFFFFFFFFFFFFFFFFFFFFFFFFFFFFFFFFFFFFFFFFFFFFDA
:20064000FFFFFFFFFFFFFFFFFFFFFFFFFFFFFFFFFFFFFFFFFFFFFFFFFFFFFFFFFFFFFFFFBA
:20066000FFFFFFFFFFFFFFFFFFFFFFFFFFFFFFFFFFFFFFFFFFFFFFFFFFFFFFFFFFFFFFFF9A
:20068000FFFFFFFFFFFFFFFFFFFFFFFFFFFFFFFFFFFFFFFFFFFFFFFFFFFFFFFFFFFFFFFF7A
:2006A000FFFFFFFFFFFFFFFFFFFFFFFFFFFFFFFFFFFFFFFFFFFFFFFFFFFFFFFFFFFFFFFF5A
:2006C000FFFFFFFFFFFFFFFFFFFFFFFFFFFFFFFFFFFFFFFFFFFFFFFFFFFFFFFFFFFFFFFF3A
:2006E000FFFFFFFFFFFFFFFFFFFFFFFFFFFFFFFFFFFFFFFFFFFFFFFFFFFFFFFFFFFFFFFF1A
:20070000FFFFFFFFFFFFFFFFFFFFFFFFFFFFFFFFFFFFFFFFFFFFFFFFFFFFFFFFFFFFFFFFF9
:20072000FFFFFFFFFFFFFFFFFFFFFFFFFFFFFFFFFFFFFFFFFFFFFFFFFFFFFFFFFFFFFFFFD9
:20074000FFFFFFFFFFFFFFFFFFFFFFFFFFFFFFFFFFFFFFFFFFFFFFFFFFFFFFFFFFFFFFFFB9
:20076000FFFFFFFFFFFFFFFFFFFFFFFFFFFFFFFFFFFFFFFFFFFFFFFFFFFFFFFFFFFFFFFF99
:20078000FFFFFFFFFFFFFFFFFFFFFFFFFFFFFFFFFFFFFFFFFFFFFFFFFFFFFFFFFFFFFFFF79
:2007A000FFFFFFFFFFFFFFFFFFFFFFFFFFFFFFFFFFFFFFFFFFFFFFFFFFFFFFFFFFFFFFFF59
:2007C000FFFFFFFFFFFFFFFFFFFFFFFFFFFFFFFFFFFFFFFFFFFFFFFFFFFFFFFFFFFFFFFF39
:2007E000FFFFFFFFFFFFFFFFFFFFFFFFFFFFFFFFFFFFFFFFFFFFFFFFFFFFFFFFFFFFFFFF19
:20080000FFFFFFFFFFFFFFFFFFFFFFFFFFFFFFFFFFFFFFFFFFFFFFFFFFFFFFFFFFFFFFFFF8
:20082000FFFFFFFFFFFFFFFFFFFFFFFFFFFFFFFFFFFFFFFFFFFFFFFFFFFFFFFFFFFFFFFFD8
:20084000FFFFFFFFFFFFFFFFFFFFFFFFFFFFFFFFFFFFFFFFFFFFFFFFFFFFFFFFFFFFFFFFB8
:20086000FFFFFFFFFFFFFFFFFFFFFFFFFFFFFFFFFFFFFFFFFFFFFFFFFFFFFFFFFFFFFFFF98
:20088000FFFFFFFFFFFFFFFFFFFFFFFFFFFFFFFFFFFFFFFFFFFFFFFFFFFFFFFFFFFFFFFF78
:2008A000FFFFFFFFFFFFFFFFFFFFFFFFFFFFFFFFFFFFFFFFFFFFFFFFFFFFFFFFFFFFFFFF58
:2008C000FFFFFFFFFFFFFFFFFFFFFFFFFFFFFFFFFFFFFFFFFFFFFFFFFFFFFFFFFFFFFFFF38
:2008E000FFFFFFFFFFFFFFFFFFFFFFFFFFFFFFFFFFFFFFFFFFFFFFFFFFFFFFFFFFFFFFFF18
:20090000FFFFFFFFFFFFFFFFFFFFFFFFFFFFFFFFFFFFFFFFFFFFFFFFFFFFFFFFFFFFFFFFF7
:20092000FFFFFFFFFFFFFFFFFFFFFFFFFFFFFFFFFFFFFFFFFFFFFFFFFFFFFFFFFFFFFFFFD7
:20094000FFFFFFFFFFFFFFFFFFFFFFFFFFFFFFFFFFFFFFFFFFFFFFFFFFFFFFFFFFFFFFFFB7
:20096000FFFFFFFFFFFFFFFFFFFFFFFFFFFFFFFFFFFFFFFFFFFFFFFFFFFFFFFFFFFFFFFF97
:20098000FFFFFFFFFFFFFFFFFFFFFFFFFFFFFFFFFFFFFFFFFFFFFFFFFFFFFFFFFFFFFFFF77
:2009A000FFFFFFFFFFFFFFFFFFFFFFFFFFFFFFFFFFFFFFFFFFFFFFFFFFFFFFFFFFFFFFFF57
:2009C000FFFFFFFFFFFFFFFFFFFFFFFFFFFFFFFFFFFFFFFFFFFFFFFFFFFFFFFFFFFFFFFF37
:2009E000FFFFFFFFFFFFFFFFFFFFFFFFFFFFFFFFFFFFFFFFFFFFFFFFFFFFFFFFFFFFFFFF17
:200A0000FFFFFFFFFFFFFFFFFFFFFFFFFFFFFFFFFFFFFFFFFFFFFFFFFFFFFFFFFFFFFFFFF6
:200A2000FFFFFFFFFFFFFFFFFFFFFFFFFFFFFFFFFFFFFFFFFFFFFFFFFFFFFFFFFFFFFFFFD6
:200A4000FFFFFFFFFFFFFFFFFFFFFFFFFFFFFFFFFFFFFFFFFFFFFFFFFFFFFFFFFFFFFFFFB6
:200A6000FFFFFFFFFFFFFFFFFFFFFFFFFFFFFFFFFFFFFFFFFFFFFFFFFFFFFFFFFFFFFFFF96
:200A8000FFFFFFFFFFFFFFFFFFFFFFFFFFFFFFFFFFFFFFFFFFFFFFFFFFFFFFFFFFFFFFFF76
:200AA000FFFFFFFFFFFFFFFFFFFFFFFFFFFFFFFFFFFFFFFFFFFFFFFFFFFFFFFFFFFFFFFF56
:200AC000FFFFFFFFFFFFFFFFFFFFFFFFFFFFFFFFFFFFFFFFFFFFFFFFFFFFFFFFFFFFFFFF36
:200AE000FFFFFFFFFFFFFFFFFFFFFFFFFFFFFFFFFFFFFFFFFFFFFFFFFFFFFFFFFFFFFFFF16
:200B0000FFFFFFFFFFFFFFFFFFFFFFFFFFFFFFFFFFFFFFFFFFFFFFFFFFFFFFFFFFFFFFFFF5
:200B2000FFFFFFFFFFFFFFFFFFFFFFFFFFFFFFFFFFFFFFFFFFFFFFFFFFFFFFFFFFFFFFFFD5
:200B4000FFFFFFFFFFFFFFFFFFFFFFFFFFFFFFFFFFFFFFFFFFFFFFFFFFFFFFFFFFFFFFFFB5
:200B6000FFFFFFFFFFFFFFFFFFFFFFFFFFFFFFFFFFFFFFFFFFFFFFFFFFFFFFFFFFFFFFFF95
:200B8000FFFFFFFFFFFFFFFFFFFFFFFFFFFFFFFFFFFFFFFFFFFFFFFFFFFFFFFFFFFFFFFF75
:200BA000FFFFFFFFFFFFFFFFFFFFFFFFFFFFFFFFFFFFFFFFFFFFFFFFFFFFFFFFFFFFFFFF55
:200BC000FFFFFFFFFFFFFFFFFFFFFFFFFFFFFFFFFFFFFFFFFFFFFFFFFFFFFFFFFFFFFFFF35
:200BE000FFFFFFFFFFFFFFFFFFFFFFFFFFFFFFFFFFFFFFFFFFFFFFFFFFFFFFFFFFFFFFFF15
:200C0000FFFFFFFFFFFFFFFFFFFFFFFFFFFFFFFFFFFFFFFFFFFFFFFFFFFFFFFFFFFFFFFFF4
:200C2000FFFFFFFFFFFFFFFFFFFFFFFFFFFFFFFFFFFFFFFFFFFFFFFFFFFFFFFFFFFFFFFFD4
:200C4000FFFFFFFFFFFFFFFFFFFFFFFFFFFFFFFFFFFFFFFFFFFFFFFFFFFFFFFFFFFFFFFFB4
:200C6000FFFFFFFFFFFFFFFFFFFFFFFFFFFFFFFFFFFFFFFFFFFFFFFFFFFFFFFFFFFFFFFF94
:200C8000FFFFFFFFFFFFFFFFFFFFFFFFFFFFFFFFFFFFFFFFFFFFFFFFFFFFFFFFFFFFFFFF74
:200CA000FFFFFFFFFFFFFFFFFFFFFFFFFFFFFFFFFFFFFFFFFFFFFFFFFFFFFFFFFFFFFFFF54
:200CC000FFFFFFFFFFFFFFFFFFFFFFFFFFFFFFFFFFFFFFFFFFFFFFFFFFFFFFFFFFFFFFFF34
:200CE000FFFFFFFFFFFFFFFFFFFFFFFFFFFFFFFFFFFFFFFFFFFFFFFFFFFFFFFFFFFFFFFF14
:200D0000FFFFFFFFFFFFFFFFFFFFFFFFFFFFFFFFFFFFFFFFFFFFFFFFFFFFFFFFFFFFFFFFF3
:200D2000FFFFFFFFFFFFFFFFFFFFFFFFFFFFFFFFFFFFFFFFFFFFFFFFFFFFFFFFFFFFFFFFD3
:200D4000FFFFFFFFFFFFFFFFFFFFFFFFFFFFFFFFFFFFFFFFFFFFFFFFFFFFFFFFFFFFFFFFB3
:200D6000FFFFFFFFFFFFFFFFFFFFFFFFFFFFFFFFFFFFFFFFFFFFFFFFFFFFFFFFFFFFFFFF93
:200D8000FFFFFFFFFFFFFFFFFFFFFFFFFFFFFFFFFFFFFFFFFFFFFFFFFFFFFFFFFFFFFFFF73
:200DA000FFFFFFFFFFFFFFFFFFFFFFFFFFFFFFFFFFFFFFFFFFFFFFFFFFFFFFFFFFFFFFFF53
:200DC000FFFFFFFFFFFFFFFFFFFFFFFFFFFFFFFFFFFFFFFFFFFFFFFFFFFFFFFFFFFFFFFF33
:200DE000FFFFFFFFFFFFFFFFFFFFFFFFFFFFFFFFFFFFFFFFFFFFFFFFFFFFFFFFFFFFFFFF13
:200E0000FFFFFFFFFFFFFFFFFFFFFFFFFFFFFFFFFFFFFFFFFFFFFFFFFFFFFFFFFFFFFFFFF2
:200E2000FFFFFFFFFFFFFFFFFFFFFFFFFFFFFFFFFFFFFFFFFFFFFFFFFFFFFFFFFFFFFFFFD2
:200E4000FFFFFFFFFFFFFFFFFFFFFFFFFFFFFFFFFFFFFFFFFFFFFFFFFFFFFFFFFFFFFFFFB2
:200E6000FFFFFFFFFFFFFFFFFFFFFFFFFFFFFFFFFFFFFFFFFFFFFFFFFFFFFFFFFFFFFFFF92
:200E8000FFFFFFFFFFFFFFFFFFFFFFFFFFFFFFFFFFFFFFFFFFFFFFFFFFFFFFFFFFFFFFFF72
:200EA000FFFFFFFFFFFFFFFFFFFFFFFFFFFFFFFFFFFFFFFFFFFFFFFFFFFFFFFFFFFFFFFF52
:200EC000FFFFFFFFFFFFFFFFFFFFFFFFFFFFFFFFFFFFFFFFFFFFFFFFFFFFFFFFFFFFFFFF32
:200EE000FFFFFFFFFFFFFFFFFFFFFFFFFFFFFFFFFFFFFFFFFFFFFFFFFFFFFFFFFFFFFFFF12
:200F0000FFFFFFFFFFFFFFFFFFFFFFFFFFFFFFFFFFFFFFFFFFFFFFFFFFFFFFFFFFFFFFFFF1
:200F2000FFFFFFFFFFFFFFFFFFFFFFFFFFFFFFFFFFFFFFFFFFFFFFFFFFFFFFFFFFFFFFFFD1
:200F4000FFFFFFFFFFFFFFFFFFFFFFFFFFFFFFFFFFFFFFFFFFFFFFFFFFFFFFFFFFFFFFFFB1
:200F6000FFFFFFFFFFFFFFFFFFFFFFFFFFFFFFFFFFFFFFFFFFFFFFFFFFFFFFFFFFFFFFFF91
:200F8000FFFFFFFFFFFFFFFFFFFFFFFFFFFFFFFFFFFFFFFFFFFFFFFFFFFFFFFFFFFFFFFF71
:200FA000FFFFFFFFFFFFFFFFFFFFFFFFFFFFFFFFFFFFFFFFFFFFFFFFFFFFFFFFFFFFFFFF51
:200FC000FFFFFFFFFFFFFFFFFFFFFFFFFFFFFFFFFFFFFFFFFFFFFFFFFFFFFFFFFFFFFFFF31
:200FE000FFFFFFFFFFFFFFFFFFFFFFFFFFFFFFFFFFFFFFFFFFFFFFFFFFFFFFFFFFFFFFFF11
:00000001FF
